-- ============================================================
-- Full backup of erp_db (public schema) -- schema + data
-- Generated via postgres MCP server queries (no pg_dump binary
-- available in this environment)
-- ============================================================

SET statement_timeout = 0;
SET client_encoding = 'UTF8';
SET standard_conforming_strings = on;

BEGIN;

-- ---------------------------------------------------------
-- Sequences
-- ---------------------------------------------------------
CREATE SEQUENCE IF NOT EXISTS account_activation_token_seq START WITH 1 INCREMENT BY 1;
CREATE SEQUENCE IF NOT EXISTS accounts_chart_seq START WITH 1 INCREMENT BY 1;
CREATE SEQUENCE IF NOT EXISTS md_lookup_detail_seq START WITH 1 INCREMENT BY 1;
CREATE SEQUENCE IF NOT EXISTS md_master_lookup_seq START WITH 1 INCREMENT BY 1;
CREATE SEQUENCE IF NOT EXISTS org_branch_seq START WITH 1 INCREMENT BY 1;
CREATE SEQUENCE IF NOT EXISTS org_cost_center_seq START WITH 1 INCREMENT BY 1;
CREATE SEQUENCE IF NOT EXISTS org_department_seq START WITH 1 INCREMENT BY 1;
CREATE SEQUENCE IF NOT EXISTS org_legal_entity_seq START WITH 1 INCREMENT BY 1;
CREATE SEQUENCE IF NOT EXISTS org_location_site_seq START WITH 1 INCREMENT BY 1;
CREATE SEQUENCE IF NOT EXISTS org_profit_center_seq START WITH 1 INCREMENT BY 1;
CREATE SEQUENCE IF NOT EXISTS org_region_seq START WITH 1 INCREMENT BY 1;
CREATE SEQUENCE IF NOT EXISTS org_region_type_seq START WITH 1 INCREMENT BY 1;
CREATE SEQUENCE IF NOT EXISTS password_reset_token_seq START WITH 1 INCREMENT BY 1;
CREATE SEQUENCE IF NOT EXISTS permissions_id_seq START WITH 1 INCREMENT BY 1;
CREATE SEQUENCE IF NOT EXISTS refresh_tokens_id_seq START WITH 1 INCREMENT BY 1;
CREATE SEQUENCE IF NOT EXISTS roles_id_seq START WITH 1 INCREMENT BY 1;
CREATE SEQUENCE IF NOT EXISTS sec_pages_seq START WITH 1 INCREMENT BY 1;
CREATE SEQUENCE IF NOT EXISTS users_id_seq START WITH 1 INCREMENT BY 1;

-- ---------------------------------------------------------
-- Table: md_master_lookup
-- ---------------------------------------------------------
CREATE TABLE IF NOT EXISTS md_master_lookup (
    id_pk BIGINT NOT NULL,
    created_at TIMESTAMP NOT NULL,
    created_by VARCHAR(100) NOT NULL,
    updated_at TIMESTAMP,
    updated_by VARCHAR(100),
    description VARCHAR(500),
    is_active INTEGER NOT NULL,
    lookup_key VARCHAR(50) NOT NULL,
    lookup_name VARCHAR(200) NOT NULL,
    lookup_name_en VARCHAR(200)
);

-- ---------------------------------------------------------
-- Table: org_legal_entity
-- ---------------------------------------------------------
CREATE TABLE IF NOT EXISTS org_legal_entity (
    legal_entity_pk BIGINT NOT NULL,
    created_at TIMESTAMP NOT NULL,
    created_by VARCHAR(100) NOT NULL,
    updated_at TIMESTAMP,
    updated_by VARCHAR(100),
    entity_type_id VARCHAR(50) NOT NULL,
    is_active_fl INTEGER NOT NULL,
    legal_entity_code VARCHAR(20) NOT NULL,
    name_ar VARCHAR(200) NOT NULL,
    name_en VARCHAR(100) NOT NULL,
    notes VARCHAR(2000)
);

-- ---------------------------------------------------------
-- Table: org_region_type
-- ---------------------------------------------------------
CREATE TABLE IF NOT EXISTS org_region_type (
    region_type_pk BIGINT NOT NULL,
    created_at TIMESTAMP NOT NULL,
    created_by VARCHAR(100) NOT NULL,
    updated_at TIMESTAMP,
    updated_by VARCHAR(100),
    is_active_fl INTEGER NOT NULL,
    name_ar VARCHAR(200) NOT NULL,
    name_en VARCHAR(100) NOT NULL,
    region_type_code VARCHAR(30) NOT NULL
);

-- ---------------------------------------------------------
-- Table: roles
-- ---------------------------------------------------------
CREATE TABLE IF NOT EXISTS roles (
    roles_pk BIGINT GENERATED BY DEFAULT AS IDENTITY,
    created_at TIMESTAMP NOT NULL,
    created_by VARCHAR(100) NOT NULL,
    updated_at TIMESTAMP,
    updated_by VARCHAR(100),
    is_active INTEGER NOT NULL,
    name VARCHAR(60) NOT NULL,
    role_code VARCHAR(60) NOT NULL,
    description VARCHAR(500)
);

-- ---------------------------------------------------------
-- Table: sec_pages
-- ---------------------------------------------------------
CREATE TABLE IF NOT EXISTS sec_pages (
    sec_pages_pk BIGINT NOT NULL,
    created_at TIMESTAMP NOT NULL,
    created_by VARCHAR(100) NOT NULL,
    updated_at TIMESTAMP,
    updated_by VARCHAR(100),
    is_active INTEGER,
    description VARCHAR(500),
    display_order INTEGER,
    icon VARCHAR(50),
    module VARCHAR(50),
    name_ar VARCHAR(100) NOT NULL,
    name_en VARCHAR(100) NOT NULL,
    page_code VARCHAR(50) NOT NULL,
    parent_id_fk BIGINT,
    route VARCHAR(200) NOT NULL
);

-- ---------------------------------------------------------
-- Table: users
-- ---------------------------------------------------------
CREATE TABLE IF NOT EXISTS users (
    users_pk BIGINT GENERATED BY DEFAULT AS IDENTITY,
    created_at TIMESTAMP NOT NULL,
    created_by VARCHAR(100) NOT NULL,
    updated_at TIMESTAMP,
    updated_by VARCHAR(100),
    enabled INTEGER NOT NULL,
    password VARCHAR(200) NOT NULL,
    username VARCHAR(80) NOT NULL,
    email VARCHAR(150)
);

-- ---------------------------------------------------------
-- Table: accounts_chart
-- ---------------------------------------------------------
CREATE TABLE IF NOT EXISTS accounts_chart (
    account_chart_pk BIGINT NOT NULL,
    created_at TIMESTAMP NOT NULL,
    created_by VARCHAR(100) NOT NULL,
    updated_at TIMESTAMP,
    updated_by VARCHAR(100),
    account_chart_name VARCHAR(500) NOT NULL,
    account_chart_no VARCHAR(50) NOT NULL,
    account_type VARCHAR(50) NOT NULL,
    active INTEGER NOT NULL,
    organization_fk BIGINT NOT NULL,
    organization_sub_fk BIGINT,
    account_chart_fk BIGINT
);

-- ---------------------------------------------------------
-- Table: md_lookup_detail
-- ---------------------------------------------------------
CREATE TABLE IF NOT EXISTS md_lookup_detail (
    id_pk BIGINT NOT NULL,
    created_at TIMESTAMP NOT NULL,
    created_by VARCHAR(100) NOT NULL,
    updated_at TIMESTAMP,
    updated_by VARCHAR(100),
    code VARCHAR(50) NOT NULL,
    extra_value VARCHAR(255),
    is_active INTEGER NOT NULL,
    name_ar VARCHAR(200) NOT NULL,
    name_en VARCHAR(200),
    sort_order INTEGER,
    master_lookup_id_fk BIGINT NOT NULL
);

-- ---------------------------------------------------------
-- Table: org_branch
-- ---------------------------------------------------------
CREATE TABLE IF NOT EXISTS org_branch (
    branch_pk BIGINT NOT NULL,
    created_at TIMESTAMP NOT NULL,
    created_by VARCHAR(100) NOT NULL,
    updated_at TIMESTAMP,
    updated_by VARCHAR(100),
    branch_code VARCHAR(20) NOT NULL,
    branch_type_id VARCHAR(50) NOT NULL,
    is_active_fl INTEGER NOT NULL,
    name_ar VARCHAR(200) NOT NULL,
    name_en VARCHAR(100) NOT NULL,
    notes VARCHAR(2000),
    legal_entity_fk BIGINT NOT NULL
);

-- ---------------------------------------------------------
-- Table: org_profit_center
-- ---------------------------------------------------------
CREATE TABLE IF NOT EXISTS org_profit_center (
    profit_center_pk BIGINT NOT NULL,
    created_at TIMESTAMP NOT NULL,
    created_by VARCHAR(100) NOT NULL,
    updated_at TIMESTAMP,
    updated_by VARCHAR(100),
    is_active_fl INTEGER NOT NULL,
    name_ar VARCHAR(200) NOT NULL,
    name_en VARCHAR(100) NOT NULL,
    notes VARCHAR(2000),
    profit_center_code VARCHAR(20) NOT NULL,
    legal_entity_fk BIGINT NOT NULL
);

-- ---------------------------------------------------------
-- Table: org_region
-- ---------------------------------------------------------
CREATE TABLE IF NOT EXISTS org_region (
    region_pk BIGINT NOT NULL,
    created_at TIMESTAMP NOT NULL,
    created_by VARCHAR(100) NOT NULL,
    updated_at TIMESTAMP,
    updated_by VARCHAR(100),
    is_active_fl INTEGER NOT NULL,
    name_ar VARCHAR(200) NOT NULL,
    name_en VARCHAR(100) NOT NULL,
    notes VARCHAR(2000),
    region_code VARCHAR(20) NOT NULL,
    legal_entity_fk BIGINT NOT NULL,
    region_type_id_fk BIGINT NOT NULL
);

-- ---------------------------------------------------------
-- Table: permissions
-- ---------------------------------------------------------
CREATE TABLE IF NOT EXISTS permissions (
    permissions_pk BIGINT GENERATED BY DEFAULT AS IDENTITY,
    created_at TIMESTAMP NOT NULL,
    created_by VARCHAR(100) NOT NULL,
    updated_at TIMESTAMP,
    updated_by VARCHAR(100),
    name VARCHAR(150) NOT NULL,
    permission_type VARCHAR(20),
    page_id_fk BIGINT
);

-- ---------------------------------------------------------
-- Table: account_activation_token
-- ---------------------------------------------------------
CREATE TABLE IF NOT EXISTS account_activation_token (
    token_pk BIGINT NOT NULL,
    token VARCHAR(64) NOT NULL,
    user_id_fk BIGINT NOT NULL,
    created_at TIMESTAMP NOT NULL,
    expires_at TIMESTAMP NOT NULL,
    used_fl INTEGER DEFAULT 0 NOT NULL
);

-- ---------------------------------------------------------
-- Table: password_reset_token
-- ---------------------------------------------------------
CREATE TABLE IF NOT EXISTS password_reset_token (
    token_pk BIGINT NOT NULL,
    token VARCHAR(64) NOT NULL,
    user_id_fk BIGINT NOT NULL,
    created_at TIMESTAMP NOT NULL,
    expires_at TIMESTAMP NOT NULL,
    used_fl INTEGER DEFAULT 0 NOT NULL
);

-- ---------------------------------------------------------
-- Table: refresh_tokens
-- ---------------------------------------------------------
CREATE TABLE IF NOT EXISTS refresh_tokens (
    refresh_tokens_pk BIGINT GENERATED BY DEFAULT AS IDENTITY,
    created_at TIMESTAMPTZ NOT NULL,
    expires_at TIMESTAMPTZ NOT NULL,
    jti VARCHAR(64) NOT NULL,
    revoked INTEGER NOT NULL,
    user_id_fk BIGINT NOT NULL
);

-- ---------------------------------------------------------
-- Table: org_cost_center
-- ---------------------------------------------------------
CREATE TABLE IF NOT EXISTS org_cost_center (
    cost_center_pk BIGINT NOT NULL,
    created_at TIMESTAMP NOT NULL,
    created_by VARCHAR(100) NOT NULL,
    updated_at TIMESTAMP,
    updated_by VARCHAR(100),
    cost_center_code VARCHAR(20) NOT NULL,
    cost_center_type_id VARCHAR(50) NOT NULL,
    is_active_fl INTEGER NOT NULL,
    name_ar VARCHAR(200) NOT NULL,
    name_en VARCHAR(100) NOT NULL,
    node_type_id VARCHAR(50) NOT NULL,
    notes VARCHAR(2000),
    branch_fk BIGINT NOT NULL,
    parent_cost_center_fk BIGINT
);

-- ---------------------------------------------------------
-- Table: org_department
-- ---------------------------------------------------------
CREATE TABLE IF NOT EXISTS org_department (
    department_pk BIGINT NOT NULL,
    created_at TIMESTAMP NOT NULL,
    created_by VARCHAR(100) NOT NULL,
    updated_at TIMESTAMP,
    updated_by VARCHAR(100),
    department_code VARCHAR(20) NOT NULL,
    is_active_fl INTEGER NOT NULL,
    name_ar VARCHAR(200) NOT NULL,
    name_en VARCHAR(100) NOT NULL,
    node_type_id VARCHAR(50) NOT NULL,
    notes VARCHAR(2000),
    branch_fk BIGINT NOT NULL,
    parent_department_fk BIGINT
);

-- ---------------------------------------------------------
-- Table: org_location_site
-- ---------------------------------------------------------
CREATE TABLE IF NOT EXISTS org_location_site (
    location_site_pk BIGINT NOT NULL,
    created_at TIMESTAMP NOT NULL,
    created_by VARCHAR(100) NOT NULL,
    updated_at TIMESTAMP,
    updated_by VARCHAR(100),
    is_active_fl INTEGER NOT NULL,
    location_site_code VARCHAR(20) NOT NULL,
    name_ar VARCHAR(200) NOT NULL,
    name_en VARCHAR(100) NOT NULL,
    notes VARCHAR(2000),
    site_type_id VARCHAR(50) NOT NULL,
    branch_fk BIGINT NOT NULL
);

-- ---------------------------------------------------------
-- Table: sec_role_branch
-- ---------------------------------------------------------
CREATE TABLE IF NOT EXISTS sec_role_branch (
    role_id_fk BIGINT NOT NULL,
    branch_id_fk BIGINT NOT NULL,
    data_access_level VARCHAR(30) NOT NULL,
    is_active_fl INTEGER DEFAULT 1 NOT NULL,
    created_by VARCHAR(100) NOT NULL,
    created_at TIMESTAMP NOT NULL,
    updated_by VARCHAR(100),
    updated_at TIMESTAMP
);

-- ---------------------------------------------------------
-- Table: sec_user_profile
-- ---------------------------------------------------------
CREATE TABLE IF NOT EXISTS sec_user_profile (
    user_id_fk BIGINT NOT NULL,
    branch_id_fk BIGINT NOT NULL,
    full_name_ar VARCHAR(200),
    full_name_en VARCHAR(100),
    preferred_lang VARCHAR(10),
    employee_id_fk BIGINT,
    is_active_fl INTEGER DEFAULT 1 NOT NULL,
    created_by VARCHAR(100) NOT NULL,
    created_at TIMESTAMP NOT NULL,
    updated_by VARCHAR(100),
    updated_at TIMESTAMP
);

-- ---------------------------------------------------------
-- Table: role_permissions
-- ---------------------------------------------------------
CREATE TABLE IF NOT EXISTS role_permissions (
    role_id_fk BIGINT NOT NULL,
    perm_id_fk BIGINT NOT NULL
);

-- ---------------------------------------------------------
-- Table: user_roles
-- ---------------------------------------------------------
CREATE TABLE IF NOT EXISTS user_roles (
    user_id_fk BIGINT NOT NULL,
    role_id_fk BIGINT NOT NULL
);

-- ---------------------------------------------------------
-- Constraints
-- ---------------------------------------------------------
ALTER TABLE md_master_lookup ADD CONSTRAINT "md_master_lookup_pkey" PRIMARY KEY (id_pk);
ALTER TABLE md_master_lookup ADD CONSTRAINT "uk_md_master_lookup_key" UNIQUE (lookup_key);
ALTER TABLE md_master_lookup ADD CONSTRAINT "md_master_lookup_is_active_check" CHECK ((is_active = ANY (ARRAY[0, 1])));
ALTER TABLE org_legal_entity ADD CONSTRAINT "org_legal_entity_pkey" PRIMARY KEY (legal_entity_pk);
ALTER TABLE org_legal_entity ADD CONSTRAINT "uq_org_le_code" UNIQUE (legal_entity_code);
ALTER TABLE org_legal_entity ADD CONSTRAINT "org_legal_entity_is_active_fl_check" CHECK ((is_active_fl = ANY (ARRAY[0, 1])));
ALTER TABLE org_region_type ADD CONSTRAINT "org_region_type_pkey" PRIMARY KEY (region_type_pk);
ALTER TABLE org_region_type ADD CONSTRAINT "uq_org_rt_code" UNIQUE (region_type_code);
ALTER TABLE org_region_type ADD CONSTRAINT "org_region_type_is_active_fl_check" CHECK ((is_active_fl = ANY (ARRAY[0, 1])));
ALTER TABLE roles ADD CONSTRAINT "ROLES_PK" PRIMARY KEY (roles_pk);
ALTER TABLE roles ADD CONSTRAINT "uk_roles_name" UNIQUE (name);
ALTER TABLE roles ADD CONSTRAINT "uk_roles_role_code" UNIQUE (role_code);
ALTER TABLE roles ADD CONSTRAINT "roles_is_active_check" CHECK ((is_active = ANY (ARRAY[0, 1])));
ALTER TABLE sec_pages ADD CONSTRAINT "SEC_PAGES_PK" PRIMARY KEY (sec_pages_pk);
ALTER TABLE sec_pages ADD CONSTRAINT "uk_pages_code" UNIQUE (page_code);
ALTER TABLE sec_pages ADD CONSTRAINT "uk_pages_route" UNIQUE (route);
ALTER TABLE sec_pages ADD CONSTRAINT "sec_pages_is_active_check" CHECK ((is_active = ANY (ARRAY[0, 1])));
ALTER TABLE users ADD CONSTRAINT "USERS_PK" PRIMARY KEY (users_pk);
ALTER TABLE users ADD CONSTRAINT "uk_users_email" UNIQUE (email);
ALTER TABLE users ADD CONSTRAINT "uk_users_username" UNIQUE (username);
ALTER TABLE users ADD CONSTRAINT "users_enabled_check" CHECK ((enabled = ANY (ARRAY[0, 1])));
ALTER TABLE accounts_chart ADD CONSTRAINT "accounts_chart_pkey" PRIMARY KEY (account_chart_pk);
ALTER TABLE accounts_chart ADD CONSTRAINT "uk_accounts_chart_no_org" UNIQUE (account_chart_no, organization_fk);
ALTER TABLE accounts_chart ADD CONSTRAINT "fkie81r4skxk961ysnrmn6sej2b" FOREIGN KEY (account_chart_fk) REFERENCES accounts_chart(account_chart_pk);
ALTER TABLE accounts_chart ADD CONSTRAINT "accounts_chart_active_check" CHECK ((active = ANY (ARRAY[0, 1])));
ALTER TABLE md_lookup_detail ADD CONSTRAINT "md_lookup_detail_pkey" PRIMARY KEY (id_pk);
ALTER TABLE md_lookup_detail ADD CONSTRAINT "uk_md_lookup_detail_code" UNIQUE (master_lookup_id_fk, code);
ALTER TABLE md_lookup_detail ADD CONSTRAINT "fk_md_lookup_detail_master" FOREIGN KEY (master_lookup_id_fk) REFERENCES md_master_lookup(id_pk);
ALTER TABLE md_lookup_detail ADD CONSTRAINT "md_lookup_detail_is_active_check" CHECK ((is_active = ANY (ARRAY[0, 1])));
ALTER TABLE org_branch ADD CONSTRAINT "org_branch_pkey" PRIMARY KEY (branch_pk);
ALTER TABLE org_branch ADD CONSTRAINT "uq_org_br_code_le" UNIQUE (legal_entity_fk, branch_code);
ALTER TABLE org_branch ADD CONSTRAINT "fk_org_br_le" FOREIGN KEY (legal_entity_fk) REFERENCES org_legal_entity(legal_entity_pk);
ALTER TABLE org_branch ADD CONSTRAINT "org_branch_is_active_fl_check" CHECK ((is_active_fl = ANY (ARRAY[0, 1])));
ALTER TABLE org_profit_center ADD CONSTRAINT "org_profit_center_pkey" PRIMARY KEY (profit_center_pk);
ALTER TABLE org_profit_center ADD CONSTRAINT "uq_org_pc_code_le" UNIQUE (legal_entity_fk, profit_center_code);
ALTER TABLE org_profit_center ADD CONSTRAINT "fk_org_pc_le" FOREIGN KEY (legal_entity_fk) REFERENCES org_legal_entity(legal_entity_pk);
ALTER TABLE org_profit_center ADD CONSTRAINT "org_profit_center_is_active_fl_check" CHECK ((is_active_fl = ANY (ARRAY[0, 1])));
ALTER TABLE org_region ADD CONSTRAINT "org_region_pkey" PRIMARY KEY (region_pk);
ALTER TABLE org_region ADD CONSTRAINT "uq_org_rg_code_le" UNIQUE (legal_entity_fk, region_code);
ALTER TABLE org_region ADD CONSTRAINT "fk_org_rg_rt" FOREIGN KEY (region_type_id_fk) REFERENCES org_region_type(region_type_pk);
ALTER TABLE org_region ADD CONSTRAINT "fk_org_rg_le" FOREIGN KEY (legal_entity_fk) REFERENCES org_legal_entity(legal_entity_pk);
ALTER TABLE org_region ADD CONSTRAINT "org_region_is_active_fl_check" CHECK ((is_active_fl = ANY (ARRAY[0, 1])));
ALTER TABLE permissions ADD CONSTRAINT "PERMISSIONS_PK" PRIMARY KEY (permissions_pk);
ALTER TABLE permissions ADD CONSTRAINT "uk_perms_name" UNIQUE (name);
ALTER TABLE permissions ADD CONSTRAINT "fk53x0qp0fpebi7funprhxy999a" FOREIGN KEY (page_id_fk) REFERENCES sec_pages(sec_pages_pk);
ALTER TABLE permissions ADD CONSTRAINT "permissions_permission_type_check" CHECK (((permission_type)::text = ANY ((ARRAY['VIEW'::character varying, 'CREATE'::character varying, 'UPDATE'::character varying, 'DELETE'::character varying])::text[])));
ALTER TABLE account_activation_token ADD CONSTRAINT "pk_account_activation_token" PRIMARY KEY (token_pk);
ALTER TABLE account_activation_token ADD CONSTRAINT "uk_account_activation_token_token" UNIQUE (token);
ALTER TABLE account_activation_token ADD CONSTRAINT "fk_account_activation_token_user" FOREIGN KEY (user_id_fk) REFERENCES users(users_pk);
ALTER TABLE account_activation_token ADD CONSTRAINT "chk_account_activation_token_used_fl" CHECK ((used_fl = ANY (ARRAY[0, 1])));
ALTER TABLE password_reset_token ADD CONSTRAINT "pk_password_reset_token" PRIMARY KEY (token_pk);
ALTER TABLE password_reset_token ADD CONSTRAINT "uk_password_reset_token_token" UNIQUE (token);
ALTER TABLE password_reset_token ADD CONSTRAINT "fk_password_reset_token_user" FOREIGN KEY (user_id_fk) REFERENCES users(users_pk);
ALTER TABLE password_reset_token ADD CONSTRAINT "chk_password_reset_token_used_fl" CHECK ((used_fl = ANY (ARRAY[0, 1])));
ALTER TABLE refresh_tokens ADD CONSTRAINT "REFRESH_TOKENS_PK" PRIMARY KEY (refresh_tokens_pk);
ALTER TABLE refresh_tokens ADD CONSTRAINT "uk1spbxcp18q5byi5kbo1prsth9" UNIQUE (jti);
ALTER TABLE refresh_tokens ADD CONSTRAINT "fkjxx2uwou85d5rhkg142k2a7yi" FOREIGN KEY (user_id_fk) REFERENCES users(users_pk);
ALTER TABLE refresh_tokens ADD CONSTRAINT "refresh_tokens_revoked_check" CHECK ((revoked = ANY (ARRAY[0, 1])));
ALTER TABLE org_cost_center ADD CONSTRAINT "org_cost_center_pkey" PRIMARY KEY (cost_center_pk);
ALTER TABLE org_cost_center ADD CONSTRAINT "uq_org_cc_code_br" UNIQUE (branch_fk, cost_center_code);
ALTER TABLE org_cost_center ADD CONSTRAINT "fk_org_cc_parent" FOREIGN KEY (parent_cost_center_fk) REFERENCES org_cost_center(cost_center_pk);
ALTER TABLE org_cost_center ADD CONSTRAINT "fk_org_cc_br" FOREIGN KEY (branch_fk) REFERENCES org_branch(branch_pk);
ALTER TABLE org_cost_center ADD CONSTRAINT "org_cost_center_is_active_fl_check" CHECK ((is_active_fl = ANY (ARRAY[0, 1])));
ALTER TABLE org_department ADD CONSTRAINT "org_department_pkey" PRIMARY KEY (department_pk);
ALTER TABLE org_department ADD CONSTRAINT "uq_org_dep_code_br" UNIQUE (branch_fk, department_code);
ALTER TABLE org_department ADD CONSTRAINT "fk_org_dep_parent" FOREIGN KEY (parent_department_fk) REFERENCES org_department(department_pk);
ALTER TABLE org_department ADD CONSTRAINT "fk_org_dep_br" FOREIGN KEY (branch_fk) REFERENCES org_branch(branch_pk);
ALTER TABLE org_department ADD CONSTRAINT "org_department_is_active_fl_check" CHECK ((is_active_fl = ANY (ARRAY[0, 1])));
ALTER TABLE org_location_site ADD CONSTRAINT "org_location_site_pkey" PRIMARY KEY (location_site_pk);
ALTER TABLE org_location_site ADD CONSTRAINT "uq_org_ls_code_br" UNIQUE (branch_fk, location_site_code);
ALTER TABLE org_location_site ADD CONSTRAINT "fk_org_ls_br" FOREIGN KEY (branch_fk) REFERENCES org_branch(branch_pk);
ALTER TABLE org_location_site ADD CONSTRAINT "org_location_site_is_active_fl_check" CHECK ((is_active_fl = ANY (ARRAY[0, 1])));
ALTER TABLE sec_role_branch ADD CONSTRAINT "pk_sec_role_branch" PRIMARY KEY (role_id_fk, branch_id_fk);
ALTER TABLE sec_role_branch ADD CONSTRAINT "fk_sec_role_branch_role" FOREIGN KEY (role_id_fk) REFERENCES roles(roles_pk);
ALTER TABLE sec_role_branch ADD CONSTRAINT "fk_sec_role_branch_branch" FOREIGN KEY (branch_id_fk) REFERENCES org_branch(branch_pk);
ALTER TABLE sec_user_profile ADD CONSTRAINT "pk_sec_user_profile" PRIMARY KEY (user_id_fk);
ALTER TABLE sec_user_profile ADD CONSTRAINT "fk_sec_user_profile_branch" FOREIGN KEY (branch_id_fk) REFERENCES org_branch(branch_pk);
ALTER TABLE sec_user_profile ADD CONSTRAINT "fk_sec_user_profile_user" FOREIGN KEY (user_id_fk) REFERENCES users(users_pk);
ALTER TABLE role_permissions ADD CONSTRAINT "ROLE_PERMISSIONS_PK" PRIMARY KEY (role_id_fk, perm_id_fk);
ALTER TABLE role_permissions ADD CONSTRAINT "fk5u960xd834dcn252ggn59lndr" FOREIGN KEY (role_id_fk) REFERENCES roles(roles_pk);
ALTER TABLE role_permissions ADD CONSTRAINT "fkfyvh2pd8eg0y09qw158lkjufi" FOREIGN KEY (perm_id_fk) REFERENCES permissions(permissions_pk);
ALTER TABLE user_roles ADD CONSTRAINT "USER_ROLES_PK" PRIMARY KEY (user_id_fk, role_id_fk);
ALTER TABLE user_roles ADD CONSTRAINT "fk61x3nvxbu49xad90tp9f8kmo1" FOREIGN KEY (role_id_fk) REFERENCES roles(roles_pk);
ALTER TABLE user_roles ADD CONSTRAINT "fkk3qtke64s9k5pv5hoq6yyq7py" FOREIGN KEY (user_id_fk) REFERENCES users(users_pk);

-- ---------------------------------------------------------
-- Indexes
-- ---------------------------------------------------------
CREATE INDEX idx_acct_activation_token_expires ON public.account_activation_token USING btree (expires_at);
CREATE INDEX idx_acct_activation_token_user ON public.account_activation_token USING btree (user_id_fk);
CREATE INDEX idx_accounts_chart_active ON public.accounts_chart USING btree (active);
CREATE INDEX idx_accounts_chart_org_fk ON public.accounts_chart USING btree (organization_fk);
CREATE INDEX idx_accounts_chart_parent_fk ON public.accounts_chart USING btree (account_chart_fk);
CREATE INDEX idx_accounts_chart_type ON public.accounts_chart USING btree (account_type);
CREATE INDEX idx_md_lookup_detail_active ON public.md_lookup_detail USING btree (is_active);
CREATE INDEX idx_md_lookup_detail_code ON public.md_lookup_detail USING btree (code);
CREATE INDEX idx_md_lookup_detail_master_fk ON public.md_lookup_detail USING btree (master_lookup_id_fk);
CREATE INDEX idx_md_lookup_detail_sort ON public.md_lookup_detail USING btree (sort_order);
CREATE INDEX idx_md_master_lookup_active ON public.md_master_lookup USING btree (is_active);
CREATE INDEX idx_md_master_lookup_key ON public.md_master_lookup USING btree (lookup_key);
CREATE INDEX idx_org_br_is_active ON public.org_branch USING btree (is_active_fl);
CREATE INDEX idx_org_br_le_fk ON public.org_branch USING btree (legal_entity_fk);
CREATE INDEX idx_org_br_type ON public.org_branch USING btree (branch_type_id);
CREATE INDEX idx_org_cc_br_fk ON public.org_cost_center USING btree (branch_fk);
CREATE INDEX idx_org_cc_is_active ON public.org_cost_center USING btree (is_active_fl);
CREATE INDEX idx_org_cc_node_type ON public.org_cost_center USING btree (node_type_id);
CREATE INDEX idx_org_cc_parent_fk ON public.org_cost_center USING btree (parent_cost_center_fk);
CREATE INDEX idx_org_cc_type ON public.org_cost_center USING btree (cost_center_type_id);
CREATE INDEX idx_org_dep_br_fk ON public.org_department USING btree (branch_fk);
CREATE INDEX idx_org_dep_is_active ON public.org_department USING btree (is_active_fl);
CREATE INDEX idx_org_dep_node_type ON public.org_department USING btree (node_type_id);
CREATE INDEX idx_org_dep_parent_fk ON public.org_department USING btree (parent_department_fk);
CREATE INDEX idx_org_le_entity_type ON public.org_legal_entity USING btree (entity_type_id);
CREATE INDEX idx_org_le_is_active ON public.org_legal_entity USING btree (is_active_fl);
CREATE INDEX idx_org_ls_br_fk ON public.org_location_site USING btree (branch_fk);
CREATE INDEX idx_org_ls_is_active ON public.org_location_site USING btree (is_active_fl);
CREATE INDEX idx_org_ls_site_type ON public.org_location_site USING btree (site_type_id);
CREATE INDEX idx_org_pc_is_active ON public.org_profit_center USING btree (is_active_fl);
CREATE INDEX idx_org_pc_le_fk ON public.org_profit_center USING btree (legal_entity_fk);
CREATE INDEX idx_org_rg_is_active ON public.org_region USING btree (is_active_fl);
CREATE INDEX idx_org_rg_le_fk ON public.org_region USING btree (legal_entity_fk);
CREATE INDEX idx_org_rg_rt_fk ON public.org_region USING btree (region_type_id_fk);
CREATE INDEX idx_org_rt_is_active ON public.org_region_type USING btree (is_active_fl);
CREATE INDEX idx_password_reset_token_expires ON public.password_reset_token USING btree (expires_at);
CREATE INDEX idx_password_reset_token_user ON public.password_reset_token USING btree (user_id_fk);
CREATE INDEX idx_perms_name ON public.permissions USING btree (name);
CREATE INDEX idx_perms_page_fk ON public.permissions USING btree (page_id_fk);
CREATE INDEX idx_perms_type ON public.permissions USING btree (permission_type);
CREATE INDEX idx_roles_is_active ON public.roles USING btree (is_active);
CREATE INDEX idx_pages_active ON public.sec_pages USING btree (is_active);
CREATE INDEX idx_pages_module ON public.sec_pages USING btree (module);
CREATE INDEX idx_sec_role_branch_branch ON public.sec_role_branch USING btree (branch_id_fk);
CREATE INDEX idx_sec_user_profile_branch ON public.sec_user_profile USING btree (branch_id_fk);
CREATE INDEX idx_sec_user_profile_employee ON public.sec_user_profile USING btree (employee_id_fk);
CREATE INDEX idx_users_enabled ON public.users USING btree (enabled);
CREATE INDEX idx_users_username ON public.users USING btree (username);

-- ---------------------------------------------------------
-- Data
-- ---------------------------------------------------------
-- md_master_lookup: 8 row(s)
INSERT INTO md_master_lookup (id_pk, created_at, created_by, updated_at, updated_by, description, is_active, lookup_key, lookup_name, lookup_name_en) VALUES (1, '2026-07-05 20:09:19.768', 'admin', NULL, NULL, NULL, 1, 'SSS', 'fgfg', 'fff');
INSERT INTO md_master_lookup (id_pk, created_at, created_by, updated_at, updated_by, description, is_active, lookup_key, lookup_name, lookup_name_en) VALUES (3, '2026-07-08 20:00:00', 'SYSTEM', NULL, NULL, NULL, 1, 'DATA_ACCESS_LEVEL', 'مستوى نطاق البيانات', 'Data Access Level');
INSERT INTO md_master_lookup (id_pk, created_at, created_by, updated_at, updated_by, description, is_active, lookup_key, lookup_name, lookup_name_en) VALUES (10, '2026-07-10 09:00:33.975', 'SYSTEM', NULL, NULL, NULL, 1, 'LEGAL_ENTITY_TYPE', 'نوع الكيان القانوني', 'Legal Entity Type');
INSERT INTO md_master_lookup (id_pk, created_at, created_by, updated_at, updated_by, description, is_active, lookup_key, lookup_name, lookup_name_en) VALUES (11, '2026-07-10 09:01:24.023', 'SYSTEM', NULL, NULL, NULL, 1, 'BRANCH_TYPE', 'نوع الفرع', 'Branch Type');
INSERT INTO md_master_lookup (id_pk, created_at, created_by, updated_at, updated_by, description, is_active, lookup_key, lookup_name, lookup_name_en) VALUES (12, '2026-07-10 09:01:24.023', 'SYSTEM', NULL, NULL, NULL, 1, 'DEPARTMENT_NODE_TYPE', 'نوع عقدة القسم', 'Department Node Type');
INSERT INTO md_master_lookup (id_pk, created_at, created_by, updated_at, updated_by, description, is_active, lookup_key, lookup_name, lookup_name_en) VALUES (13, '2026-07-10 09:01:24.023', 'SYSTEM', NULL, NULL, NULL, 1, 'COST_CENTER_NODE_TYPE', 'نوع عقدة مركز التكلفة', 'Cost Center Node Type');
INSERT INTO md_master_lookup (id_pk, created_at, created_by, updated_at, updated_by, description, is_active, lookup_key, lookup_name, lookup_name_en) VALUES (14, '2026-07-10 09:01:24.023', 'SYSTEM', NULL, NULL, NULL, 1, 'COST_CENTER_TYPE', 'نوع مركز التكلفة', 'Cost Center Type');
INSERT INTO md_master_lookup (id_pk, created_at, created_by, updated_at, updated_by, description, is_active, lookup_key, lookup_name, lookup_name_en) VALUES (15, '2026-07-10 09:01:24.023', 'SYSTEM', NULL, NULL, NULL, 1, 'LOCATION_SITE_TYPE', 'نوع موقع العمل', 'Location Site Type');

-- org_legal_entity: 1 row(s)
INSERT INTO org_legal_entity (legal_entity_pk, created_at, created_by, updated_at, updated_by, entity_type_id, is_active_fl, legal_entity_code, name_ar, name_en, notes) VALUES (1, '2026-07-10 05:36:16.549', 'system_seed', NULL, NULL, 'HEADQUARTERS', 1, 'DEFAULT_LE', 'الكيان الافتراضي', 'Default Legal Entity', NULL);

-- org_region_type: 3 row(s)
INSERT INTO org_region_type (region_type_pk, created_at, created_by, updated_at, updated_by, is_active_fl, name_ar, name_en, region_type_code) VALUES (4, '2026-07-10 09:01:39.257', 'SYSTEM', NULL, NULL, 1, 'جغرافية', 'Geographic', 'GEOGRAPHIC');
INSERT INTO org_region_type (region_type_pk, created_at, created_by, updated_at, updated_by, is_active_fl, name_ar, name_en, region_type_code) VALUES (5, '2026-07-10 09:01:39.257', 'SYSTEM', NULL, NULL, 1, 'مبيعاتية', 'Sales', 'SALES');
INSERT INTO org_region_type (region_type_pk, created_at, created_by, updated_at, updated_by, is_active_fl, name_ar, name_en, region_type_code) VALUES (6, '2026-07-10 09:01:39.257', 'SYSTEM', NULL, NULL, 1, 'تشغيلية', 'Operational', 'OPERATIONAL');

-- roles: 4 row(s)
INSERT INTO roles (roles_pk, created_at, created_by, updated_at, updated_by, is_active, name, role_code, description) VALUES (5, '2025-11-03 04:00:00', 'SYSTEM', NULL, NULL, 1, 'SUPER_ADMIN', 'SUPER_ADMIN', 'Full system access - all permissions');
INSERT INTO roles (roles_pk, created_at, created_by, updated_at, updated_by, is_active, name, role_code, description) VALUES (15, '2026-07-09 17:19:21.196', 'admin', NULL, NULL, 1, 'Debug Role 83617561', 'DBGROLE83617561', NULL);
INSERT INTO roles (roles_pk, created_at, created_by, updated_at, updated_by, is_active, name, role_code, description) VALUES (16, '2026-07-09 17:20:02.144', 'admin', NULL, NULL, 1, 'Debug Role2 83617602', 'DBGROLE283617602', NULL);
INSERT INTO roles (roles_pk, created_at, created_by, updated_at, updated_by, is_active, name, role_code, description) VALUES (17, '2026-07-09 17:20:45.267', 'admin', NULL, NULL, 1, 'Rogue Role 83617644', 'ROGUEROLE83617644', NULL);

-- sec_pages: 37 row(s)
INSERT INTO sec_pages (sec_pages_pk, created_at, created_by, updated_at, updated_by, is_active, description, display_order, icon, module, name_ar, name_en, page_code, parent_id_fk, route) VALUES (63, '2025-11-03 04:00:00', 'SYSTEM', NULL, NULL, 1, 'إدارة مستخدمي النظام وحساباتهم', 1, 'user', 'SECURITY', 'إدارة المستخدمين', 'User Management', 'USER', NULL, '/security/users');
INSERT INTO sec_pages (sec_pages_pk, created_at, created_by, updated_at, updated_by, is_active, description, display_order, icon, module, name_ar, name_en, page_code, parent_id_fk, route) VALUES (64, '2025-11-03 04:00:00', 'SYSTEM', NULL, NULL, 1, 'إعداد الأدوار والتحكم في الوصول', 2, 'users', 'SECURITY', 'إدارة الأدوار', 'Role Management', 'ROLE', NULL, '/security/role-access');
INSERT INTO sec_pages (sec_pages_pk, created_at, created_by, updated_at, updated_by, is_active, description, display_order, icon, module, name_ar, name_en, page_code, parent_id_fk, route) VALUES (65, '2025-11-03 04:00:00', 'SYSTEM', NULL, NULL, 1, 'إدارة صفحات النظام المسجلة', 3, 'file-text', 'SECURITY', 'إدارة الصفحات', 'Pages Management', 'PAGE', NULL, '/security/pages-registry');
INSERT INTO sec_pages (sec_pages_pk, created_at, created_by, updated_at, updated_by, is_active, description, display_order, icon, module, name_ar, name_en, page_code, parent_id_fk, route) VALUES (66, '2025-11-03 04:00:00', 'SYSTEM', NULL, NULL, 1, 'إدارة البيانات المرجعية وجداول البحث', 1, 'database', 'MASTERDATA', 'قوائم البحث الرئيسية', 'Master Lookups', 'MASTER_LOOKUP', NULL, '/master-data/master-lookups');
INSERT INTO sec_pages (sec_pages_pk, created_at, created_by, updated_at, updated_by, is_active, description, display_order, icon, module, name_ar, name_en, page_code, parent_id_fk, route) VALUES (67, '2025-11-03 04:00:00', 'SYSTEM', NULL, NULL, 1, 'إدارة دليل الحسابات', 1, 'calculator', 'FINANCE', 'حسابات الأستاذ العام', 'GL Accounts', 'GL_ACCOUNT', NULL, '/finance/gl/accounts');
INSERT INTO sec_pages (sec_pages_pk, created_at, created_by, updated_at, updated_by, is_active, description, display_order, icon, module, name_ar, name_en, page_code, parent_id_fk, route) VALUES (68, '2026-07-09 14:52:12.841', 'admin', '2026-07-09 14:52:14.207', 'admin', 0, 'Updated by generated test script', 20, 'pi pi-file', 'SECURITY', 'صفحة محدثة', 'Updated Test Page', 'TESTPAGE83608732', NULL, '/test/page83608732');
INSERT INTO sec_pages (sec_pages_pk, created_at, created_by, updated_at, updated_by, is_active, description, display_order, icon, module, name_ar, name_en, page_code, parent_id_fk, route) VALUES (69, '2026-07-09 14:52:13.035', 'admin', '2026-07-09 14:52:14.217', 'admin', 0, NULL, NULL, NULL, NULL, 'صفحة', 'Boundary Page', 'AAAAAAAAAAAAAAAAAAAAAAAAAAAAAAAAAAAAAAAAAAAAAAAAAA', NULL, '/test/bound5083608732');
INSERT INTO sec_pages (sec_pages_pk, created_at, created_by, updated_at, updated_by, is_active, description, display_order, icon, module, name_ar, name_en, page_code, parent_id_fk, route) VALUES (70, '2026-07-09 14:52:13.07', 'admin', '2026-07-09 14:52:14.227', 'admin', 0, NULL, NULL, NULL, NULL, 'صفحة', 'XXXXXXXXXXXXXXXXXXXXXXXXXXXXXXXXXXXXXXXXXXXXXXXXXXXXXXXXXXXXXXXXXXXXXXXXXXXXXXXXXXXXXXXXXXXXXXXXXXXX', 'NAMEBOUND83608732', NULL, '/test/namebound83608732');
INSERT INTO sec_pages (sec_pages_pk, created_at, created_by, updated_at, updated_by, is_active, description, display_order, icon, module, name_ar, name_en, page_code, parent_id_fk, route) VALUES (71, '2026-07-09 14:52:13.098', 'admin', '2026-07-09 14:52:14.237', 'admin', 0, NULL, NULL, NULL, NULL, 'صفحة', 'Route Boundary Page', 'ROUTEBOUND83608732', NULL, '/aaaaaaaaaaaaaaaaaaaaaaaaaaaaaaaaaaaaaaaaaaaaaaaaaaaaaaaaaaaaaaaaaaaaaaaaaaaaaaaaaaaaaaaaaaaaaaaaaaaaaaaaaaaaaaaaaaaaaaaaaaaaaaaaaaaaaaaaaaaaaaaaaaaaaaaaaaaaaaaaaaaaaaaaaaaaaaaaaaaaaaaaaaaaaaaaaaaaaaa');
INSERT INTO sec_pages (sec_pages_pk, created_at, created_by, updated_at, updated_by, is_active, description, display_order, icon, module, name_ar, name_en, page_code, parent_id_fk, route) VALUES (72, '2026-07-09 16:53:23.865', 'admin', NULL, NULL, 1, 'إدارة صلاحيات النظام', 4, 'key', 'SECURITY', 'إدارة الصلاحيات', 'Permission Management', 'PERMISSION', NULL, '/security/permissions');
INSERT INTO sec_pages (sec_pages_pk, created_at, created_by, updated_at, updated_by, is_active, description, display_order, icon, module, name_ar, name_en, page_code, parent_id_fk, route) VALUES (73, '2026-07-09 16:53:42.449', 'admin', '2026-07-09 16:53:43.539', 'admin', 0, 'Updated by generated test script', 20, 'pi pi-file', 'SECURITY', 'صفحة محدثة', 'Updated Test Page', 'TESTPAGE83616022', NULL, '/test/page83616022');
INSERT INTO sec_pages (sec_pages_pk, created_at, created_by, updated_at, updated_by, is_active, description, display_order, icon, module, name_ar, name_en, page_code, parent_id_fk, route) VALUES (74, '2026-07-09 16:53:42.589', 'admin', '2026-07-09 16:53:43.548', 'admin', 0, NULL, NULL, NULL, NULL, 'صفحة', 'XXXXXXXXXXXXXXXXXXXXXXXXXXXXXXXXXXXXXXXXXXXXXXXXXXXXXXXXXXXXXXXXXXXXXXXXXXXXXXXXXXXXXXXXXXXXXXXXXXXX', 'NAMEBOUND83616022', NULL, '/test/namebound83616022');
INSERT INTO sec_pages (sec_pages_pk, created_at, created_by, updated_at, updated_by, is_active, description, display_order, icon, module, name_ar, name_en, page_code, parent_id_fk, route) VALUES (75, '2026-07-09 16:59:10.535', 'admin', '2026-07-09 16:59:11.665', 'admin', 0, 'Updated by generated test script', 20, 'pi pi-file', 'SECURITY', 'صفحة محدثة', 'Updated Test Page', 'TESTPAGE83616350', NULL, '/test/page83616350');
INSERT INTO sec_pages (sec_pages_pk, created_at, created_by, updated_at, updated_by, is_active, description, display_order, icon, module, name_ar, name_en, page_code, parent_id_fk, route) VALUES (76, '2026-07-09 16:59:10.688', 'admin', '2026-07-09 16:59:11.672', 'admin', 0, NULL, NULL, NULL, NULL, 'صفحة', 'XXXXXXXXXXXXXXXXXXXXXXXXXXXXXXXXXXXXXXXXXXXXXXXXXXXXXXXXXXXXXXXXXXXXXXXXXXXXXXXXXXXXXXXXXXXXXXXXXXXX', 'NAMEBOUND83616350', NULL, '/test/namebound83616350');
INSERT INTO sec_pages (sec_pages_pk, created_at, created_by, updated_at, updated_by, is_active, description, display_order, icon, module, name_ar, name_en, page_code, parent_id_fk, route) VALUES (77, '2026-07-09 17:19:21.133', 'admin', NULL, NULL, 1, NULL, NULL, NULL, NULL, 'صفحة', 'Debug Page', 'DBGPAGE83617561', NULL, '/dbg/83617561');
INSERT INTO sec_pages (sec_pages_pk, created_at, created_by, updated_at, updated_by, is_active, description, display_order, icon, module, name_ar, name_en, page_code, parent_id_fk, route) VALUES (78, '2026-07-09 17:19:38.11', 'admin', NULL, NULL, 1, NULL, NULL, NULL, NULL, 'صفحة', 'Debug Page', 'DBGPAGE83617578B', NULL, '/dbg/83617578b');
INSERT INTO sec_pages (sec_pages_pk, created_at, created_by, updated_at, updated_by, is_active, description, display_order, icon, module, name_ar, name_en, page_code, parent_id_fk, route) VALUES (79, '2026-07-09 17:19:49.958', 'admin', NULL, NULL, 1, NULL, NULL, NULL, NULL, 'صفحة', 'Debug Page', 'DBGPAGE83617589C', NULL, '/dbg/83617589c');
INSERT INTO sec_pages (sec_pages_pk, created_at, created_by, updated_at, updated_by, is_active, description, display_order, icon, module, name_ar, name_en, page_code, parent_id_fk, route) VALUES (80, '2026-07-09 17:20:02.118', 'admin', NULL, NULL, 1, NULL, NULL, NULL, NULL, 'صفحة', 'Debug Page', 'DBGPAGE283617602', NULL, '/dbg2/83617602');
INSERT INTO sec_pages (sec_pages_pk, created_at, created_by, updated_at, updated_by, is_active, description, display_order, icon, module, name_ar, name_en, page_code, parent_id_fk, route) VALUES (81, '2026-07-09 17:20:44.966', 'admin', NULL, NULL, 1, NULL, NULL, NULL, NULL, 'صفحة', 'Rogue Page', 'ROGUE83617644', NULL, '/rogue/83617644');
INSERT INTO sec_pages (sec_pages_pk, created_at, created_by, updated_at, updated_by, is_active, description, display_order, icon, module, name_ar, name_en, page_code, parent_id_fk, route) VALUES (82, '2026-07-09 17:27:45.131', 'admin', '2026-07-09 17:27:46.7', 'admin', 0, 'Updated by generated test script', 20, 'pi pi-file', 'SECURITY', 'صفحة محدثة', 'Updated Test Page', 'TESTPAGE83618064', NULL, '/test/page83618064');
INSERT INTO sec_pages (sec_pages_pk, created_at, created_by, updated_at, updated_by, is_active, description, display_order, icon, module, name_ar, name_en, page_code, parent_id_fk, route) VALUES (83, '2026-07-09 17:27:45.362', 'admin', '2026-07-09 17:27:46.707', 'admin', 0, NULL, NULL, NULL, NULL, 'صفحة', 'XXXXXXXXXXXXXXXXXXXXXXXXXXXXXXXXXXXXXXXXXXXXXXXXXXXXXXXXXXXXXXXXXXXXXXXXXXXXXXXXXXXXXXXXXXXXXXXXXXXX', 'NAMEBOUND83618064', NULL, '/test/namebound83618064');
INSERT INTO sec_pages (sec_pages_pk, created_at, created_by, updated_at, updated_by, is_active, description, display_order, icon, module, name_ar, name_en, page_code, parent_id_fk, route) VALUES (84, '2026-07-09 17:30:24.352', 'admin', '2026-07-09 17:30:25.303', 'admin', 0, 'Updated by generated test script', 20, 'pi pi-file', 'SECURITY', 'صفحة محدثة', 'Updated Test Page', 'TESTPAGE83618223', NULL, '/test/page83618223');
INSERT INTO sec_pages (sec_pages_pk, created_at, created_by, updated_at, updated_by, is_active, description, display_order, icon, module, name_ar, name_en, page_code, parent_id_fk, route) VALUES (85, '2026-07-09 17:30:24.45', 'admin', '2026-07-09 17:30:25.309', 'admin', 0, NULL, NULL, NULL, NULL, 'صفحة', 'XXXXXXXXXXXXXXXXXXXXXXXXXXXXXXXXXXXXXXXXXXXXXXXXXXXXXXXXXXXXXXXXXXXXXXXXXXXXXXXXXXXXXXXXXXXXXXXXXXXX', 'NAMEBOUND83618223', NULL, '/test/namebound83618223');
INSERT INTO sec_pages (sec_pages_pk, created_at, created_by, updated_at, updated_by, is_active, description, display_order, icon, module, name_ar, name_en, page_code, parent_id_fk, route) VALUES (86, '2026-07-10 08:09:52.316', 'admin', '2026-07-10 08:09:53.269', 'admin', 0, NULL, NULL, NULL, NULL, 'صفحة محدثة', 'Updated Test Page', 'TP635608', NULL, '/test/tp635608');
INSERT INTO sec_pages (sec_pages_pk, created_at, created_by, updated_at, updated_by, is_active, description, display_order, icon, module, name_ar, name_en, page_code, parent_id_fk, route) VALUES (87, '2026-07-10 09:22:00.065', 'admin', '2026-07-10 09:22:01.271', 'admin', 0, NULL, NULL, NULL, NULL, 'صفحة محدثة', 'Updated Test Page', 'TP37EAC2', NULL, '/test/tp37eac2');
INSERT INTO sec_pages (sec_pages_pk, created_at, created_by, updated_at, updated_by, is_active, description, display_order, icon, module, name_ar, name_en, page_code, parent_id_fk, route) VALUES (88, '2026-07-10 09:22:46.455', 'admin', '2026-07-10 09:28:45.164', 'admin', 0, NULL, 999, NULL, 'SECURITY', 'x', 'x', 'DBGTEST01', NULL, '/dbg/test01');
INSERT INTO sec_pages (sec_pages_pk, created_at, created_by, updated_at, updated_by, is_active, description, display_order, icon, module, name_ar, name_en, page_code, parent_id_fk, route) VALUES (89, '2026-07-10 09:28:12.374', 'admin', '2026-07-10 09:28:13.676', 'admin', 0, NULL, NULL, NULL, NULL, 'صفحة محدثة', 'Updated Test Page', 'TPBD1AB2', NULL, '/test/tpbd1ab2');
INSERT INTO sec_pages (sec_pages_pk, created_at, created_by, updated_at, updated_by, is_active, description, display_order, icon, module, name_ar, name_en, page_code, parent_id_fk, route) VALUES (90, '2026-07-10 09:46:32.084', 'admin', '2026-07-10 09:46:32.832', 'admin', 0, NULL, NULL, NULL, NULL, 'صفحة محدثة', 'Updated Test Page', 'TPC5EFA8', NULL, '/test/tpc5efa8');
INSERT INTO sec_pages (sec_pages_pk, created_at, created_by, updated_at, updated_by, is_active, description, display_order, icon, module, name_ar, name_en, page_code, parent_id_fk, route) VALUES (91, '2026-07-10 09:49:31.44', 'admin', '2026-07-10 09:49:32.715', 'admin', 0, NULL, NULL, NULL, NULL, 'صفحة محدثة', 'Updated Test Page', 'TPF3D41B', NULL, '/test/tpf3d41b');
INSERT INTO sec_pages (sec_pages_pk, created_at, created_by, updated_at, updated_by, is_active, description, display_order, icon, module, name_ar, name_en, page_code, parent_id_fk, route) VALUES (92, '2026-07-10 09:50:20.201', 'admin', '2026-07-10 09:50:21.067', 'admin', 0, NULL, NULL, NULL, NULL, 'صفحة محدثة', 'Updated Test Page', 'TPDA7D34', NULL, '/test/tpda7d34');
INSERT INTO sec_pages (sec_pages_pk, created_at, created_by, updated_at, updated_by, is_active, description, display_order, icon, module, name_ar, name_en, page_code, parent_id_fk, route) VALUES (93, '2026-07-10 09:01:54.687', 'SYSTEM', NULL, NULL, 1, NULL, NULL, NULL, 'ORGANIZATION', 'الكيانات القانونية', 'Legal Entities', 'LEGAL_ENTITY', NULL, '/org/legal-entities');
INSERT INTO sec_pages (sec_pages_pk, created_at, created_by, updated_at, updated_by, is_active, description, display_order, icon, module, name_ar, name_en, page_code, parent_id_fk, route) VALUES (94, '2026-07-10 09:01:54.687', 'SYSTEM', NULL, NULL, 1, NULL, NULL, NULL, 'ORGANIZATION', 'الفروع', 'Branches', 'BRANCH', NULL, '/org/branches');
INSERT INTO sec_pages (sec_pages_pk, created_at, created_by, updated_at, updated_by, is_active, description, display_order, icon, module, name_ar, name_en, page_code, parent_id_fk, route) VALUES (95, '2026-07-10 09:01:54.687', 'SYSTEM', NULL, NULL, 1, NULL, NULL, NULL, 'ORGANIZATION', 'المناطق', 'Regions', 'REGION', NULL, '/org/regions');
INSERT INTO sec_pages (sec_pages_pk, created_at, created_by, updated_at, updated_by, is_active, description, display_order, icon, module, name_ar, name_en, page_code, parent_id_fk, route) VALUES (96, '2026-07-10 09:01:54.687', 'SYSTEM', NULL, NULL, 1, NULL, NULL, NULL, 'ORGANIZATION', 'الأقسام', 'Departments', 'DEPARTMENT', NULL, '/org/departments');
INSERT INTO sec_pages (sec_pages_pk, created_at, created_by, updated_at, updated_by, is_active, description, display_order, icon, module, name_ar, name_en, page_code, parent_id_fk, route) VALUES (97, '2026-07-10 09:01:54.687', 'SYSTEM', NULL, NULL, 1, NULL, NULL, NULL, 'ORGANIZATION', 'مراكز التكلفة', 'Cost Centers', 'COST_CENTER', NULL, '/org/cost-centers');
INSERT INTO sec_pages (sec_pages_pk, created_at, created_by, updated_at, updated_by, is_active, description, display_order, icon, module, name_ar, name_en, page_code, parent_id_fk, route) VALUES (98, '2026-07-10 09:01:54.687', 'SYSTEM', NULL, NULL, 1, NULL, NULL, NULL, 'ORGANIZATION', 'مراكز الربح', 'Profit Centers', 'PROFIT_CENTER', NULL, '/org/profit-centers');
INSERT INTO sec_pages (sec_pages_pk, created_at, created_by, updated_at, updated_by, is_active, description, display_order, icon, module, name_ar, name_en, page_code, parent_id_fk, route) VALUES (99, '2026-07-10 09:01:54.687', 'SYSTEM', NULL, NULL, 1, NULL, NULL, NULL, 'ORGANIZATION', 'مواقع العمل', 'Location Sites', 'LOCATION_SITE', NULL, '/org/location-sites');

-- users: 16 row(s)
INSERT INTO users (users_pk, created_at, created_by, updated_at, updated_by, enabled, password, username, email) VALUES (4, '2025-11-03 04:10:00', 'SYSTEM', NULL, NULL, 1, '$2y$10$IRtwox0AP57TtJmAojWfKuoyCxgj.nqjevQuXm1.hDONGqrVLvnyG', 'admin', NULL);
INSERT INTO users (users_pk, created_at, created_by, updated_at, updated_by, enabled, password, username, email) VALUES (7, '2026-07-09 14:52:13.83', 'admin', NULL, NULL, 1, '$2a$10$ly5aQsb/yuB4PJM/XH/yp.ZqE0Ctv8LCyku48Ryz5ZHKfYVcpyg2m', 'art_user_83608732', NULL);
INSERT INTO users (users_pk, created_at, created_by, updated_at, updated_by, enabled, password, username, email) VALUES (11, '2026-07-09 16:53:43.186', 'admin', NULL, NULL, 1, '$2a$10$AE1rxF0XekEfFF82214mF.r45VdiCzCUnRULcRZI02PlgYsG3kN4.', 'art_user_83616022', NULL);
INSERT INTO users (users_pk, created_at, created_by, updated_at, updated_by, enabled, password, username, email) VALUES (15, '2026-07-09 16:59:11.324', 'admin', NULL, NULL, 1, '$2a$10$2KKZ.QYJveV2dJEKDlzGau3i7kbbQaEGiTQafCHM0WVYrbpzw1NCe', 'art_user_83616350', NULL);
INSERT INTO users (users_pk, created_at, created_by, updated_at, updated_by, enabled, password, username, email) VALUES (19, '2026-07-09 17:27:46.344', 'admin', NULL, NULL, 1, '$2a$10$fDlvRYJDgb/7mpzs8sYW.upvlN79yisDSZWZOnvTicI556tWE0AIG', 'art_user_83618064', NULL);
INSERT INTO users (users_pk, created_at, created_by, updated_at, updated_by, enabled, password, username, email) VALUES (23, '2026-07-09 17:30:24.988', 'admin', NULL, NULL, 1, '$2a$10$n2Q00Mu3gPxktHHGHp9uy.OculPAYwVZcBWmMfFvuhwMOyshpp6PO', 'art_user_83618223', NULL);
INSERT INTO users (users_pk, created_at, created_by, updated_at, updated_by, enabled, password, username, email) VALUES (25, '2026-07-10 08:08:10.111', 'anonymousUser', NULL, NULL, 0, '$2a$10$UABHQ3fYqFm29rs2jE1/pe9S539kIxjEBt6nDVCDih0fPQSwN2NTa', 'selfreg_4faa8e8a', 'selfreg_4faa8e8a@example.test');
INSERT INTO users (users_pk, created_at, created_by, updated_at, updated_by, enabled, password, username, email) VALUES (27, '2026-07-10 08:09:53.116', 'anonymousUser', '2026-07-10 08:09:53.184', 'admin', 0, '$2a$10$zjI8D643Sw4Ni5RlXD.G0eQr/q01oMWxmDgngPnutL7uy/7lUDQMi', 'selfreg_d6f50b5c', 'selfreg_d6f50b5c@example.test');
INSERT INTO users (users_pk, created_at, created_by, updated_at, updated_by, enabled, password, username, email) VALUES (29, '2026-07-10 09:22:01.132', 'anonymousUser', '2026-07-10 09:22:01.21', 'admin', 0, '$2a$10$dcNv//ZdmXa5PRS/ZDcxZeVqagklVtAdmq/L.VtmzvLlsPHBloUN.', 'selfreg_a6035376', 'selfreg_a6035376@example.test');
INSERT INTO users (users_pk, created_at, created_by, updated_at, updated_by, enabled, password, username, email) VALUES (31, '2026-07-10 09:28:13.53', 'anonymousUser', '2026-07-10 09:28:13.609', 'admin', 0, '$2a$10$7UwyJXy6/.CENWp958Muk.lwhkCuGc6pU2K0eaiswgBbCKL2dBpjC', 'selfreg_5280530e', 'selfreg_5280530e@example.test');
INSERT INTO users (users_pk, created_at, created_by, updated_at, updated_by, enabled, password, username, email) VALUES (33, '2026-07-10 09:46:32.729', 'anonymousUser', '2026-07-10 09:46:32.793', 'admin', 0, '$2a$10$BwQgfifPUomLiAyQt0lsMuf9htz2RVAsBZdp/nIPYeE2iY6EU9uta', 'selfreg_ef89f37a', 'selfreg_ef89f37a@example.test');
INSERT INTO users (users_pk, created_at, created_by, updated_at, updated_by, enabled, password, username, email) VALUES (34, '2026-07-10 09:46:53.744', 'admin', NULL, NULL, 1, '$2a$10$KZjVATnufJN.NMaChZ05PeN/sPpTk0Q0vb9H.FGlHpN8wwKsIxshC', 'dbgprofile1', NULL);
INSERT INTO users (users_pk, created_at, created_by, updated_at, updated_by, enabled, password, username, email) VALUES (35, '2026-07-10 09:49:32.124', 'admin', '2026-07-10 09:49:32.643', 'admin', 1, '$2a$10$E0CSyGn.UPMl1/cqzcVq3eGavn8ykbh1UB8UtAtKGBWfR/sISn7Ru', 'testuser_c887e4f0', NULL);
INSERT INTO users (users_pk, created_at, created_by, updated_at, updated_by, enabled, password, username, email) VALUES (36, '2026-07-10 09:49:32.559', 'anonymousUser', '2026-07-10 09:49:32.653', 'admin', 0, '$2a$10$h95udY/qmGuiimkC4YVkf.dGvkPq3Z4VfksdlME7KSCDbRxjU7aG6', 'selfreg_37ddfaf5', 'selfreg_37ddfaf5@example.test');
INSERT INTO users (users_pk, created_at, created_by, updated_at, updated_by, enabled, password, username, email) VALUES (37, '2026-07-10 09:50:20.551', 'admin', '2026-07-10 09:50:21.004', 'admin', 1, '$2a$10$qI977odHaPqa1kO4TRH5MeYGwjbODfthJU6POSK6YGRqpiVuQUj6m', 'testuser_1dc69899', NULL);
INSERT INTO users (users_pk, created_at, created_by, updated_at, updated_by, enabled, password, username, email) VALUES (39, '2026-07-10 09:50:20.937', 'anonymousUser', '2026-07-10 09:50:21.02', 'admin', 0, '$2a$10$3QvyKbVHBsO2H1d8irp8JeD.LHi0UfzyLkgSqcNg2GkBnSBjXuKWS', 'selfreg_222a1a5f', 'selfreg_222a1a5f@example.test');

-- md_lookup_detail: 23 row(s)
INSERT INTO md_lookup_detail (id_pk, created_at, created_by, updated_at, updated_by, code, extra_value, is_active, name_ar, name_en, sort_order, master_lookup_id_fk) VALUES (2, '2026-07-08 20:00:00', 'SYSTEM', NULL, NULL, 'BRANCH_ONLY', NULL, 1, 'الفرع فقط', 'Branch Only', 1, 3);
INSERT INTO md_lookup_detail (id_pk, created_at, created_by, updated_at, updated_by, code, extra_value, is_active, name_ar, name_en, sort_order, master_lookup_id_fk) VALUES (3, '2026-07-08 20:00:00', 'SYSTEM', NULL, NULL, 'BRANCH_AND_CHILDREN', NULL, 1, 'الفرع وفروعه التابعة', 'Branch and Children', 2, 3);
INSERT INTO md_lookup_detail (id_pk, created_at, created_by, updated_at, updated_by, code, extra_value, is_active, name_ar, name_en, sort_order, master_lookup_id_fk) VALUES (4, '2026-07-08 20:00:00', 'SYSTEM', NULL, NULL, 'ALL', NULL, 1, 'كل الفروع', 'All', 3, 3);
INSERT INTO md_lookup_detail (id_pk, created_at, created_by, updated_at, updated_by, code, extra_value, is_active, name_ar, name_en, sort_order, master_lookup_id_fk) VALUES (25, '2026-07-10 09:00:33.975', 'SYSTEM', NULL, NULL, 'HEAD_OFFICE', NULL, 1, 'المقر الرئيسي', 'Head Office', 1, 10);
INSERT INTO md_lookup_detail (id_pk, created_at, created_by, updated_at, updated_by, code, extra_value, is_active, name_ar, name_en, sort_order, master_lookup_id_fk) VALUES (26, '2026-07-10 09:00:33.975', 'SYSTEM', NULL, NULL, 'BRANCH_OFFICE', NULL, 1, 'مكتب فرعي', 'Branch Office', 2, 10);
INSERT INTO md_lookup_detail (id_pk, created_at, created_by, updated_at, updated_by, code, extra_value, is_active, name_ar, name_en, sort_order, master_lookup_id_fk) VALUES (27, '2026-07-10 09:00:33.975', 'SYSTEM', NULL, NULL, 'SUBSIDIARY', NULL, 1, 'شركة تابعة', 'Subsidiary', 3, 10);
INSERT INTO md_lookup_detail (id_pk, created_at, created_by, updated_at, updated_by, code, extra_value, is_active, name_ar, name_en, sort_order, master_lookup_id_fk) VALUES (28, '2026-07-10 09:00:33.975', 'SYSTEM', NULL, NULL, 'REPRESENTATIVE_OFFICE', NULL, 1, 'مكتب تمثيلي', 'Representative Office', 4, 10);
INSERT INTO md_lookup_detail (id_pk, created_at, created_by, updated_at, updated_by, code, extra_value, is_active, name_ar, name_en, sort_order, master_lookup_id_fk) VALUES (29, '2026-07-10 09:01:24.023', 'SYSTEM', NULL, NULL, 'MAIN_BRANCH', NULL, 1, 'فرع رئيسي', 'Main Branch', 1, 11);
INSERT INTO md_lookup_detail (id_pk, created_at, created_by, updated_at, updated_by, code, extra_value, is_active, name_ar, name_en, sort_order, master_lookup_id_fk) VALUES (30, '2026-07-10 09:01:24.023', 'SYSTEM', NULL, NULL, 'SUB_BRANCH', NULL, 1, 'فرع فرعي', 'Sub-Branch', 2, 11);
INSERT INTO md_lookup_detail (id_pk, created_at, created_by, updated_at, updated_by, code, extra_value, is_active, name_ar, name_en, sort_order, master_lookup_id_fk) VALUES (31, '2026-07-10 09:01:24.023', 'SYSTEM', NULL, NULL, 'OPERATIONS_BRANCH', NULL, 1, 'فرع العمليات', 'Operations Branch', 3, 11);
INSERT INTO md_lookup_detail (id_pk, created_at, created_by, updated_at, updated_by, code, extra_value, is_active, name_ar, name_en, sort_order, master_lookup_id_fk) VALUES (32, '2026-07-10 09:01:24.023', 'SYSTEM', NULL, NULL, 'ADMIN_BRANCH', NULL, 1, 'فرع إداري', 'Admin Branch', 4, 11);
INSERT INTO md_lookup_detail (id_pk, created_at, created_by, updated_at, updated_by, code, extra_value, is_active, name_ar, name_en, sort_order, master_lookup_id_fk) VALUES (33, '2026-07-10 09:01:24.023', 'SYSTEM', NULL, NULL, 'SUMMARY', NULL, 1, 'ملخص', 'Summary', 1, 12);
INSERT INTO md_lookup_detail (id_pk, created_at, created_by, updated_at, updated_by, code, extra_value, is_active, name_ar, name_en, sort_order, master_lookup_id_fk) VALUES (34, '2026-07-10 09:01:24.023', 'SYSTEM', NULL, NULL, 'DETAIL', NULL, 1, 'تفصيل', 'Detail', 2, 12);
INSERT INTO md_lookup_detail (id_pk, created_at, created_by, updated_at, updated_by, code, extra_value, is_active, name_ar, name_en, sort_order, master_lookup_id_fk) VALUES (35, '2026-07-10 09:01:24.023', 'SYSTEM', NULL, NULL, 'SUMMARY', NULL, 1, 'ملخص', 'Summary', 1, 13);
INSERT INTO md_lookup_detail (id_pk, created_at, created_by, updated_at, updated_by, code, extra_value, is_active, name_ar, name_en, sort_order, master_lookup_id_fk) VALUES (36, '2026-07-10 09:01:24.023', 'SYSTEM', NULL, NULL, 'DETAIL', NULL, 1, 'تفصيل', 'Detail', 2, 13);
INSERT INTO md_lookup_detail (id_pk, created_at, created_by, updated_at, updated_by, code, extra_value, is_active, name_ar, name_en, sort_order, master_lookup_id_fk) VALUES (37, '2026-07-10 09:01:24.023', 'SYSTEM', NULL, NULL, 'DIRECT', NULL, 1, 'مباشر', 'Direct', 1, 14);
INSERT INTO md_lookup_detail (id_pk, created_at, created_by, updated_at, updated_by, code, extra_value, is_active, name_ar, name_en, sort_order, master_lookup_id_fk) VALUES (38, '2026-07-10 09:01:24.023', 'SYSTEM', NULL, NULL, 'INDIRECT', NULL, 1, 'غير مباشر', 'Indirect', 2, 14);
INSERT INTO md_lookup_detail (id_pk, created_at, created_by, updated_at, updated_by, code, extra_value, is_active, name_ar, name_en, sort_order, master_lookup_id_fk) VALUES (39, '2026-07-10 09:01:24.023', 'SYSTEM', NULL, NULL, 'SHARED', NULL, 1, 'مشترك', 'Shared', 3, 14);
INSERT INTO md_lookup_detail (id_pk, created_at, created_by, updated_at, updated_by, code, extra_value, is_active, name_ar, name_en, sort_order, master_lookup_id_fk) VALUES (40, '2026-07-10 09:01:24.023', 'SYSTEM', NULL, NULL, 'OFFICE', NULL, 1, 'مكتب', 'Office', 1, 15);
INSERT INTO md_lookup_detail (id_pk, created_at, created_by, updated_at, updated_by, code, extra_value, is_active, name_ar, name_en, sort_order, master_lookup_id_fk) VALUES (41, '2026-07-10 09:01:24.023', 'SYSTEM', NULL, NULL, 'WAREHOUSE', NULL, 1, 'مستودع', 'Warehouse', 2, 15);
INSERT INTO md_lookup_detail (id_pk, created_at, created_by, updated_at, updated_by, code, extra_value, is_active, name_ar, name_en, sort_order, master_lookup_id_fk) VALUES (42, '2026-07-10 09:01:24.023', 'SYSTEM', NULL, NULL, 'FACTORY', NULL, 1, 'مصنع', 'Factory', 3, 15);
INSERT INTO md_lookup_detail (id_pk, created_at, created_by, updated_at, updated_by, code, extra_value, is_active, name_ar, name_en, sort_order, master_lookup_id_fk) VALUES (43, '2026-07-10 09:01:24.023', 'SYSTEM', NULL, NULL, 'SITE', NULL, 1, 'موقع', 'Site', 4, 15);
INSERT INTO md_lookup_detail (id_pk, created_at, created_by, updated_at, updated_by, code, extra_value, is_active, name_ar, name_en, sort_order, master_lookup_id_fk) VALUES (44, '2026-07-10 09:01:24.023', 'SYSTEM', NULL, NULL, 'RETAIL', NULL, 1, 'متجر', 'Retail', 5, 15);

-- org_branch: 1 row(s)
INSERT INTO org_branch (branch_pk, created_at, created_by, updated_at, updated_by, branch_code, branch_type_id, is_active_fl, name_ar, name_en, notes, legal_entity_fk) VALUES (1, '2026-07-10 05:36:41.328', 'system_seed', NULL, NULL, 'DEFAULT_BR', 'MAIN', 1, 'الفرع الافتراضي', 'Default Branch', NULL, 1);

-- permissions: 162 row(s)
INSERT INTO permissions (permissions_pk, created_at, created_by, updated_at, updated_by, name, permission_type, page_id_fk) VALUES (68, '2025-11-03 04:05:00', 'SYSTEM', NULL, NULL, 'PERM_USER_VIEW', 'VIEW', 63);
INSERT INTO permissions (permissions_pk, created_at, created_by, updated_at, updated_by, name, permission_type, page_id_fk) VALUES (69, '2025-11-03 04:05:00', 'SYSTEM', NULL, NULL, 'PERM_USER_CREATE', 'CREATE', 63);
INSERT INTO permissions (permissions_pk, created_at, created_by, updated_at, updated_by, name, permission_type, page_id_fk) VALUES (70, '2025-11-03 04:05:00', 'SYSTEM', NULL, NULL, 'PERM_USER_UPDATE', 'UPDATE', 63);
INSERT INTO permissions (permissions_pk, created_at, created_by, updated_at, updated_by, name, permission_type, page_id_fk) VALUES (71, '2025-11-03 04:05:00', 'SYSTEM', NULL, NULL, 'PERM_USER_DELETE', 'DELETE', 63);
INSERT INTO permissions (permissions_pk, created_at, created_by, updated_at, updated_by, name, permission_type, page_id_fk) VALUES (72, '2025-11-03 04:05:00', 'SYSTEM', NULL, NULL, 'PERM_ROLE_VIEW', 'VIEW', 64);
INSERT INTO permissions (permissions_pk, created_at, created_by, updated_at, updated_by, name, permission_type, page_id_fk) VALUES (73, '2025-11-03 04:05:00', 'SYSTEM', NULL, NULL, 'PERM_ROLE_CREATE', 'CREATE', 64);
INSERT INTO permissions (permissions_pk, created_at, created_by, updated_at, updated_by, name, permission_type, page_id_fk) VALUES (74, '2025-11-03 04:05:00', 'SYSTEM', NULL, NULL, 'PERM_ROLE_UPDATE', 'UPDATE', 64);
INSERT INTO permissions (permissions_pk, created_at, created_by, updated_at, updated_by, name, permission_type, page_id_fk) VALUES (75, '2025-11-03 04:05:00', 'SYSTEM', NULL, NULL, 'PERM_ROLE_DELETE', 'DELETE', 64);
INSERT INTO permissions (permissions_pk, created_at, created_by, updated_at, updated_by, name, permission_type, page_id_fk) VALUES (76, '2025-11-03 04:05:00', 'SYSTEM', NULL, NULL, 'PERM_PAGE_VIEW', 'VIEW', 65);
INSERT INTO permissions (permissions_pk, created_at, created_by, updated_at, updated_by, name, permission_type, page_id_fk) VALUES (77, '2025-11-03 04:05:00', 'SYSTEM', NULL, NULL, 'PERM_PAGE_CREATE', 'CREATE', 65);
INSERT INTO permissions (permissions_pk, created_at, created_by, updated_at, updated_by, name, permission_type, page_id_fk) VALUES (78, '2025-11-03 04:05:00', 'SYSTEM', NULL, NULL, 'PERM_PAGE_UPDATE', 'UPDATE', 65);
INSERT INTO permissions (permissions_pk, created_at, created_by, updated_at, updated_by, name, permission_type, page_id_fk) VALUES (79, '2025-11-03 04:05:00', 'SYSTEM', NULL, NULL, 'PERM_PAGE_DELETE', 'DELETE', 65);
INSERT INTO permissions (permissions_pk, created_at, created_by, updated_at, updated_by, name, permission_type, page_id_fk) VALUES (80, '2025-11-03 04:05:00', 'SYSTEM', NULL, NULL, 'PERM_MASTER_LOOKUP_VIEW', 'VIEW', 66);
INSERT INTO permissions (permissions_pk, created_at, created_by, updated_at, updated_by, name, permission_type, page_id_fk) VALUES (81, '2025-11-03 04:05:00', 'SYSTEM', NULL, NULL, 'PERM_MASTER_LOOKUP_CREATE', 'CREATE', 66);
INSERT INTO permissions (permissions_pk, created_at, created_by, updated_at, updated_by, name, permission_type, page_id_fk) VALUES (82, '2025-11-03 04:05:00', 'SYSTEM', NULL, NULL, 'PERM_MASTER_LOOKUP_UPDATE', 'UPDATE', 66);
INSERT INTO permissions (permissions_pk, created_at, created_by, updated_at, updated_by, name, permission_type, page_id_fk) VALUES (83, '2025-11-03 04:05:00', 'SYSTEM', NULL, NULL, 'PERM_MASTER_LOOKUP_DELETE', 'DELETE', 66);
INSERT INTO permissions (permissions_pk, created_at, created_by, updated_at, updated_by, name, permission_type, page_id_fk) VALUES (84, '2025-11-03 04:05:00', 'SYSTEM', NULL, NULL, 'PERM_GL_ACCOUNT_VIEW', 'VIEW', 67);
INSERT INTO permissions (permissions_pk, created_at, created_by, updated_at, updated_by, name, permission_type, page_id_fk) VALUES (85, '2025-11-03 04:05:00', 'SYSTEM', NULL, NULL, 'PERM_GL_ACCOUNT_CREATE', 'CREATE', 67);
INSERT INTO permissions (permissions_pk, created_at, created_by, updated_at, updated_by, name, permission_type, page_id_fk) VALUES (86, '2025-11-03 04:05:00', 'SYSTEM', NULL, NULL, 'PERM_GL_ACCOUNT_UPDATE', 'UPDATE', 67);
INSERT INTO permissions (permissions_pk, created_at, created_by, updated_at, updated_by, name, permission_type, page_id_fk) VALUES (87, '2025-11-03 04:05:00', 'SYSTEM', NULL, NULL, 'PERM_GL_ACCOUNT_DELETE', 'DELETE', 67);
INSERT INTO permissions (permissions_pk, created_at, created_by, updated_at, updated_by, name, permission_type, page_id_fk) VALUES (88, '2025-11-03 04:06:00', 'SYSTEM', NULL, NULL, 'PERM_SYSTEM_ADMIN', NULL, NULL);
INSERT INTO permissions (permissions_pk, created_at, created_by, updated_at, updated_by, name, permission_type, page_id_fk) VALUES (89, '2026-07-09 14:52:12.845', 'admin', NULL, NULL, 'PERM_TESTPAGE83608732_VIEW', 'VIEW', 68);
INSERT INTO permissions (permissions_pk, created_at, created_by, updated_at, updated_by, name, permission_type, page_id_fk) VALUES (90, '2026-07-09 14:52:12.854', 'admin', NULL, NULL, 'PERM_TESTPAGE83608732_CREATE', 'CREATE', 68);
INSERT INTO permissions (permissions_pk, created_at, created_by, updated_at, updated_by, name, permission_type, page_id_fk) VALUES (91, '2026-07-09 14:52:12.856', 'admin', NULL, NULL, 'PERM_TESTPAGE83608732_UPDATE', 'UPDATE', 68);
INSERT INTO permissions (permissions_pk, created_at, created_by, updated_at, updated_by, name, permission_type, page_id_fk) VALUES (92, '2026-07-09 14:52:12.859', 'admin', NULL, NULL, 'PERM_TESTPAGE83608732_DELETE', 'DELETE', 68);
INSERT INTO permissions (permissions_pk, created_at, created_by, updated_at, updated_by, name, permission_type, page_id_fk) VALUES (93, '2026-07-09 14:52:13.036', 'admin', NULL, NULL, 'PERM_AAAAAAAAAAAAAAAAAAAAAAAAAAAAAAAAAAAAAAAAAAAAAAAAAA_VIEW', 'VIEW', 69);
INSERT INTO permissions (permissions_pk, created_at, created_by, updated_at, updated_by, name, permission_type, page_id_fk) VALUES (94, '2026-07-09 14:52:13.041', 'admin', NULL, NULL, 'PERM_AAAAAAAAAAAAAAAAAAAAAAAAAAAAAAAAAAAAAAAAAAAAAAAAAA_CREATE', 'CREATE', 69);
INSERT INTO permissions (permissions_pk, created_at, created_by, updated_at, updated_by, name, permission_type, page_id_fk) VALUES (95, '2026-07-09 14:52:13.043', 'admin', NULL, NULL, 'PERM_AAAAAAAAAAAAAAAAAAAAAAAAAAAAAAAAAAAAAAAAAAAAAAAAAA_UPDATE', 'UPDATE', 69);
INSERT INTO permissions (permissions_pk, created_at, created_by, updated_at, updated_by, name, permission_type, page_id_fk) VALUES (96, '2026-07-09 14:52:13.044', 'admin', NULL, NULL, 'PERM_AAAAAAAAAAAAAAAAAAAAAAAAAAAAAAAAAAAAAAAAAAAAAAAAAA_DELETE', 'DELETE', 69);
INSERT INTO permissions (permissions_pk, created_at, created_by, updated_at, updated_by, name, permission_type, page_id_fk) VALUES (97, '2026-07-09 14:52:13.071', 'admin', NULL, NULL, 'PERM_NAMEBOUND83608732_VIEW', 'VIEW', 70);
INSERT INTO permissions (permissions_pk, created_at, created_by, updated_at, updated_by, name, permission_type, page_id_fk) VALUES (98, '2026-07-09 14:52:13.074', 'admin', NULL, NULL, 'PERM_NAMEBOUND83608732_CREATE', 'CREATE', 70);
INSERT INTO permissions (permissions_pk, created_at, created_by, updated_at, updated_by, name, permission_type, page_id_fk) VALUES (99, '2026-07-09 14:52:13.076', 'admin', NULL, NULL, 'PERM_NAMEBOUND83608732_UPDATE', 'UPDATE', 70);
INSERT INTO permissions (permissions_pk, created_at, created_by, updated_at, updated_by, name, permission_type, page_id_fk) VALUES (100, '2026-07-09 14:52:13.078', 'admin', NULL, NULL, 'PERM_NAMEBOUND83608732_DELETE', 'DELETE', 70);
INSERT INTO permissions (permissions_pk, created_at, created_by, updated_at, updated_by, name, permission_type, page_id_fk) VALUES (101, '2026-07-09 14:52:13.099', 'admin', NULL, NULL, 'PERM_ROUTEBOUND83608732_VIEW', 'VIEW', 71);
INSERT INTO permissions (permissions_pk, created_at, created_by, updated_at, updated_by, name, permission_type, page_id_fk) VALUES (102, '2026-07-09 14:52:13.103', 'admin', NULL, NULL, 'PERM_ROUTEBOUND83608732_CREATE', 'CREATE', 71);
INSERT INTO permissions (permissions_pk, created_at, created_by, updated_at, updated_by, name, permission_type, page_id_fk) VALUES (103, '2026-07-09 14:52:13.105', 'admin', NULL, NULL, 'PERM_ROUTEBOUND83608732_UPDATE', 'UPDATE', 71);
INSERT INTO permissions (permissions_pk, created_at, created_by, updated_at, updated_by, name, permission_type, page_id_fk) VALUES (104, '2026-07-09 14:52:13.107', 'admin', NULL, NULL, 'PERM_ROUTEBOUND83608732_DELETE', 'DELETE', 71);
INSERT INTO permissions (permissions_pk, created_at, created_by, updated_at, updated_by, name, permission_type, page_id_fk) VALUES (105, '2026-07-09 16:53:23.866', 'admin', NULL, NULL, 'PERM_PERMISSION_VIEW', 'VIEW', 72);
INSERT INTO permissions (permissions_pk, created_at, created_by, updated_at, updated_by, name, permission_type, page_id_fk) VALUES (106, '2026-07-09 16:53:23.871', 'admin', NULL, NULL, 'PERM_PERMISSION_CREATE', 'CREATE', 72);
INSERT INTO permissions (permissions_pk, created_at, created_by, updated_at, updated_by, name, permission_type, page_id_fk) VALUES (107, '2026-07-09 16:53:23.874', 'admin', NULL, NULL, 'PERM_PERMISSION_UPDATE', 'UPDATE', 72);
INSERT INTO permissions (permissions_pk, created_at, created_by, updated_at, updated_by, name, permission_type, page_id_fk) VALUES (108, '2026-07-09 16:53:23.877', 'admin', NULL, NULL, 'PERM_PERMISSION_DELETE', 'DELETE', 72);
INSERT INTO permissions (permissions_pk, created_at, created_by, updated_at, updated_by, name, permission_type, page_id_fk) VALUES (109, '2026-07-09 16:53:42.45', 'admin', NULL, NULL, 'PERM_TESTPAGE83616022_VIEW', 'VIEW', 73);
INSERT INTO permissions (permissions_pk, created_at, created_by, updated_at, updated_by, name, permission_type, page_id_fk) VALUES (110, '2026-07-09 16:53:42.453', 'admin', NULL, NULL, 'PERM_TESTPAGE83616022_CREATE', 'CREATE', 73);
INSERT INTO permissions (permissions_pk, created_at, created_by, updated_at, updated_by, name, permission_type, page_id_fk) VALUES (111, '2026-07-09 16:53:42.454', 'admin', NULL, NULL, 'PERM_TESTPAGE83616022_UPDATE', 'UPDATE', 73);
INSERT INTO permissions (permissions_pk, created_at, created_by, updated_at, updated_by, name, permission_type, page_id_fk) VALUES (112, '2026-07-09 16:53:42.456', 'admin', NULL, NULL, 'PERM_TESTPAGE83616022_DELETE', 'DELETE', 73);
INSERT INTO permissions (permissions_pk, created_at, created_by, updated_at, updated_by, name, permission_type, page_id_fk) VALUES (113, '2026-07-09 16:53:42.59', 'admin', NULL, NULL, 'PERM_NAMEBOUND83616022_VIEW', 'VIEW', 74);
INSERT INTO permissions (permissions_pk, created_at, created_by, updated_at, updated_by, name, permission_type, page_id_fk) VALUES (114, '2026-07-09 16:53:42.593', 'admin', NULL, NULL, 'PERM_NAMEBOUND83616022_CREATE', 'CREATE', 74);
INSERT INTO permissions (permissions_pk, created_at, created_by, updated_at, updated_by, name, permission_type, page_id_fk) VALUES (115, '2026-07-09 16:53:42.595', 'admin', NULL, NULL, 'PERM_NAMEBOUND83616022_UPDATE', 'UPDATE', 74);
INSERT INTO permissions (permissions_pk, created_at, created_by, updated_at, updated_by, name, permission_type, page_id_fk) VALUES (116, '2026-07-09 16:53:42.597', 'admin', NULL, NULL, 'PERM_NAMEBOUND83616022_DELETE', 'DELETE', 74);
INSERT INTO permissions (permissions_pk, created_at, created_by, updated_at, updated_by, name, permission_type, page_id_fk) VALUES (117, '2026-07-09 16:53:42.639', 'admin', '2026-07-09 16:53:42.659', 'admin', 'PERM_TEST_83616022_UPDATED', 'VIEW', 73);
INSERT INTO permissions (permissions_pk, created_at, created_by, updated_at, updated_by, name, permission_type, page_id_fk) VALUES (118, '2026-07-09 16:53:42.679', 'admin', NULL, NULL, 'PERM_TEST_83616022', 'VIEW', NULL);
INSERT INTO permissions (permissions_pk, created_at, created_by, updated_at, updated_by, name, permission_type, page_id_fk) VALUES (119, '2026-07-09 16:59:10.536', 'admin', NULL, NULL, 'PERM_TESTPAGE83616350_VIEW', 'VIEW', 75);
INSERT INTO permissions (permissions_pk, created_at, created_by, updated_at, updated_by, name, permission_type, page_id_fk) VALUES (120, '2026-07-09 16:59:10.542', 'admin', NULL, NULL, 'PERM_TESTPAGE83616350_CREATE', 'CREATE', 75);
INSERT INTO permissions (permissions_pk, created_at, created_by, updated_at, updated_by, name, permission_type, page_id_fk) VALUES (121, '2026-07-09 16:59:10.545', 'admin', NULL, NULL, 'PERM_TESTPAGE83616350_UPDATE', 'UPDATE', 75);
INSERT INTO permissions (permissions_pk, created_at, created_by, updated_at, updated_by, name, permission_type, page_id_fk) VALUES (122, '2026-07-09 16:59:10.548', 'admin', NULL, NULL, 'PERM_TESTPAGE83616350_DELETE', 'DELETE', 75);
INSERT INTO permissions (permissions_pk, created_at, created_by, updated_at, updated_by, name, permission_type, page_id_fk) VALUES (123, '2026-07-09 16:59:10.689', 'admin', NULL, NULL, 'PERM_NAMEBOUND83616350_VIEW', 'VIEW', 76);
INSERT INTO permissions (permissions_pk, created_at, created_by, updated_at, updated_by, name, permission_type, page_id_fk) VALUES (124, '2026-07-09 16:59:10.694', 'admin', NULL, NULL, 'PERM_NAMEBOUND83616350_CREATE', 'CREATE', 76);
INSERT INTO permissions (permissions_pk, created_at, created_by, updated_at, updated_by, name, permission_type, page_id_fk) VALUES (125, '2026-07-09 16:59:10.698', 'admin', NULL, NULL, 'PERM_NAMEBOUND83616350_UPDATE', 'UPDATE', 76);
INSERT INTO permissions (permissions_pk, created_at, created_by, updated_at, updated_by, name, permission_type, page_id_fk) VALUES (126, '2026-07-09 16:59:10.7', 'admin', NULL, NULL, 'PERM_NAMEBOUND83616350_DELETE', 'DELETE', 76);
INSERT INTO permissions (permissions_pk, created_at, created_by, updated_at, updated_by, name, permission_type, page_id_fk) VALUES (127, '2026-07-09 16:59:10.745', 'admin', '2026-07-09 16:59:10.769', 'admin', 'PERM_TEST_83616350_UPDATED', 'VIEW', 75);
INSERT INTO permissions (permissions_pk, created_at, created_by, updated_at, updated_by, name, permission_type, page_id_fk) VALUES (128, '2026-07-09 16:59:10.789', 'admin', NULL, NULL, 'PERM_TEST_83616350', 'VIEW', NULL);
INSERT INTO permissions (permissions_pk, created_at, created_by, updated_at, updated_by, name, permission_type, page_id_fk) VALUES (129, '2026-07-09 17:19:21.145', 'admin', NULL, NULL, 'PERM_DBGPAGE83617561_VIEW', 'VIEW', 77);
INSERT INTO permissions (permissions_pk, created_at, created_by, updated_at, updated_by, name, permission_type, page_id_fk) VALUES (130, '2026-07-09 17:19:21.156', 'admin', NULL, NULL, 'PERM_DBGPAGE83617561_CREATE', 'CREATE', 77);
INSERT INTO permissions (permissions_pk, created_at, created_by, updated_at, updated_by, name, permission_type, page_id_fk) VALUES (131, '2026-07-09 17:19:21.16', 'admin', NULL, NULL, 'PERM_DBGPAGE83617561_UPDATE', 'UPDATE', 77);
INSERT INTO permissions (permissions_pk, created_at, created_by, updated_at, updated_by, name, permission_type, page_id_fk) VALUES (132, '2026-07-09 17:19:21.164', 'admin', NULL, NULL, 'PERM_DBGPAGE83617561_DELETE', 'DELETE', 77);
INSERT INTO permissions (permissions_pk, created_at, created_by, updated_at, updated_by, name, permission_type, page_id_fk) VALUES (133, '2026-07-09 17:19:38.111', 'admin', NULL, NULL, 'PERM_DBGPAGE83617578B_VIEW', 'VIEW', 78);
INSERT INTO permissions (permissions_pk, created_at, created_by, updated_at, updated_by, name, permission_type, page_id_fk) VALUES (134, '2026-07-09 17:19:38.114', 'admin', NULL, NULL, 'PERM_DBGPAGE83617578B_CREATE', 'CREATE', 78);
INSERT INTO permissions (permissions_pk, created_at, created_by, updated_at, updated_by, name, permission_type, page_id_fk) VALUES (135, '2026-07-09 17:19:38.116', 'admin', NULL, NULL, 'PERM_DBGPAGE83617578B_UPDATE', 'UPDATE', 78);
INSERT INTO permissions (permissions_pk, created_at, created_by, updated_at, updated_by, name, permission_type, page_id_fk) VALUES (136, '2026-07-09 17:19:38.118', 'admin', NULL, NULL, 'PERM_DBGPAGE83617578B_DELETE', 'DELETE', 78);
INSERT INTO permissions (permissions_pk, created_at, created_by, updated_at, updated_by, name, permission_type, page_id_fk) VALUES (137, '2026-07-09 17:19:49.959', 'admin', NULL, NULL, 'PERM_DBGPAGE83617589C_VIEW', 'VIEW', 79);
INSERT INTO permissions (permissions_pk, created_at, created_by, updated_at, updated_by, name, permission_type, page_id_fk) VALUES (138, '2026-07-09 17:19:49.962', 'admin', NULL, NULL, 'PERM_DBGPAGE83617589C_CREATE', 'CREATE', 79);
INSERT INTO permissions (permissions_pk, created_at, created_by, updated_at, updated_by, name, permission_type, page_id_fk) VALUES (139, '2026-07-09 17:19:49.964', 'admin', NULL, NULL, 'PERM_DBGPAGE83617589C_UPDATE', 'UPDATE', 79);
INSERT INTO permissions (permissions_pk, created_at, created_by, updated_at, updated_by, name, permission_type, page_id_fk) VALUES (140, '2026-07-09 17:19:49.966', 'admin', NULL, NULL, 'PERM_DBGPAGE83617589C_DELETE', 'DELETE', 79);
INSERT INTO permissions (permissions_pk, created_at, created_by, updated_at, updated_by, name, permission_type, page_id_fk) VALUES (141, '2026-07-09 17:20:02.119', 'admin', NULL, NULL, 'PERM_DBGPAGE283617602_VIEW', 'VIEW', 80);
INSERT INTO permissions (permissions_pk, created_at, created_by, updated_at, updated_by, name, permission_type, page_id_fk) VALUES (142, '2026-07-09 17:20:02.124', 'admin', NULL, NULL, 'PERM_DBGPAGE283617602_CREATE', 'CREATE', 80);
INSERT INTO permissions (permissions_pk, created_at, created_by, updated_at, updated_by, name, permission_type, page_id_fk) VALUES (143, '2026-07-09 17:20:02.128', 'admin', NULL, NULL, 'PERM_DBGPAGE283617602_UPDATE', 'UPDATE', 80);
INSERT INTO permissions (permissions_pk, created_at, created_by, updated_at, updated_by, name, permission_type, page_id_fk) VALUES (144, '2026-07-09 17:20:02.131', 'admin', NULL, NULL, 'PERM_DBGPAGE283617602_DELETE', 'DELETE', 80);
INSERT INTO permissions (permissions_pk, created_at, created_by, updated_at, updated_by, name, permission_type, page_id_fk) VALUES (145, '2026-07-09 17:20:44.969', 'admin', NULL, NULL, 'PERM_ROGUE83617644_VIEW', 'VIEW', 81);
INSERT INTO permissions (permissions_pk, created_at, created_by, updated_at, updated_by, name, permission_type, page_id_fk) VALUES (146, '2026-07-09 17:20:44.979', 'admin', NULL, NULL, 'PERM_ROGUE83617644_CREATE', 'CREATE', 81);
INSERT INTO permissions (permissions_pk, created_at, created_by, updated_at, updated_by, name, permission_type, page_id_fk) VALUES (147, '2026-07-09 17:20:44.984', 'admin', NULL, NULL, 'PERM_ROGUE83617644_UPDATE', 'UPDATE', 81);
INSERT INTO permissions (permissions_pk, created_at, created_by, updated_at, updated_by, name, permission_type, page_id_fk) VALUES (148, '2026-07-09 17:20:44.988', 'admin', NULL, NULL, 'PERM_ROGUE83617644_DELETE', 'DELETE', 81);
INSERT INTO permissions (permissions_pk, created_at, created_by, updated_at, updated_by, name, permission_type, page_id_fk) VALUES (149, '2026-07-09 17:20:45.04', 'admin', NULL, NULL, 'PERM_ROGUE_83617644', 'VIEW', 81);
INSERT INTO permissions (permissions_pk, created_at, created_by, updated_at, updated_by, name, permission_type, page_id_fk) VALUES (150, '2026-07-09 17:27:45.135', 'admin', NULL, NULL, 'PERM_TESTPAGE83618064_VIEW', 'VIEW', 82);
INSERT INTO permissions (permissions_pk, created_at, created_by, updated_at, updated_by, name, permission_type, page_id_fk) VALUES (151, '2026-07-09 17:27:45.143', 'admin', NULL, NULL, 'PERM_TESTPAGE83618064_CREATE', 'CREATE', 82);
INSERT INTO permissions (permissions_pk, created_at, created_by, updated_at, updated_by, name, permission_type, page_id_fk) VALUES (152, '2026-07-09 17:27:45.146', 'admin', NULL, NULL, 'PERM_TESTPAGE83618064_UPDATE', 'UPDATE', 82);
INSERT INTO permissions (permissions_pk, created_at, created_by, updated_at, updated_by, name, permission_type, page_id_fk) VALUES (153, '2026-07-09 17:27:45.149', 'admin', NULL, NULL, 'PERM_TESTPAGE83618064_DELETE', 'DELETE', 82);
INSERT INTO permissions (permissions_pk, created_at, created_by, updated_at, updated_by, name, permission_type, page_id_fk) VALUES (154, '2026-07-09 17:27:45.363', 'admin', NULL, NULL, 'PERM_NAMEBOUND83618064_VIEW', 'VIEW', 83);
INSERT INTO permissions (permissions_pk, created_at, created_by, updated_at, updated_by, name, permission_type, page_id_fk) VALUES (155, '2026-07-09 17:27:45.367', 'admin', NULL, NULL, 'PERM_NAMEBOUND83618064_CREATE', 'CREATE', 83);
INSERT INTO permissions (permissions_pk, created_at, created_by, updated_at, updated_by, name, permission_type, page_id_fk) VALUES (156, '2026-07-09 17:27:45.369', 'admin', NULL, NULL, 'PERM_NAMEBOUND83618064_UPDATE', 'UPDATE', 83);
INSERT INTO permissions (permissions_pk, created_at, created_by, updated_at, updated_by, name, permission_type, page_id_fk) VALUES (157, '2026-07-09 17:27:45.373', 'admin', NULL, NULL, 'PERM_NAMEBOUND83618064_DELETE', 'DELETE', 83);
INSERT INTO permissions (permissions_pk, created_at, created_by, updated_at, updated_by, name, permission_type, page_id_fk) VALUES (158, '2026-07-09 17:27:45.428', 'admin', '2026-07-09 17:27:45.631', 'admin', 'PERM_TEST_83618064_UPDATED', 'VIEW', 82);
INSERT INTO permissions (permissions_pk, created_at, created_by, updated_at, updated_by, name, permission_type, page_id_fk) VALUES (159, '2026-07-09 17:30:24.353', 'admin', NULL, NULL, 'PERM_TESTPAGE83618223_VIEW', 'VIEW', 84);
INSERT INTO permissions (permissions_pk, created_at, created_by, updated_at, updated_by, name, permission_type, page_id_fk) VALUES (160, '2026-07-09 17:30:24.356', 'admin', NULL, NULL, 'PERM_TESTPAGE83618223_CREATE', 'CREATE', 84);
INSERT INTO permissions (permissions_pk, created_at, created_by, updated_at, updated_by, name, permission_type, page_id_fk) VALUES (161, '2026-07-09 17:30:24.358', 'admin', NULL, NULL, 'PERM_TESTPAGE83618223_UPDATE', 'UPDATE', 84);
INSERT INTO permissions (permissions_pk, created_at, created_by, updated_at, updated_by, name, permission_type, page_id_fk) VALUES (162, '2026-07-09 17:30:24.36', 'admin', NULL, NULL, 'PERM_TESTPAGE83618223_DELETE', 'DELETE', 84);
INSERT INTO permissions (permissions_pk, created_at, created_by, updated_at, updated_by, name, permission_type, page_id_fk) VALUES (163, '2026-07-09 17:30:24.451', 'admin', NULL, NULL, 'PERM_NAMEBOUND83618223_VIEW', 'VIEW', 85);
INSERT INTO permissions (permissions_pk, created_at, created_by, updated_at, updated_by, name, permission_type, page_id_fk) VALUES (164, '2026-07-09 17:30:24.453', 'admin', NULL, NULL, 'PERM_NAMEBOUND83618223_CREATE', 'CREATE', 85);
INSERT INTO permissions (permissions_pk, created_at, created_by, updated_at, updated_by, name, permission_type, page_id_fk) VALUES (165, '2026-07-09 17:30:24.455', 'admin', NULL, NULL, 'PERM_NAMEBOUND83618223_UPDATE', 'UPDATE', 85);
INSERT INTO permissions (permissions_pk, created_at, created_by, updated_at, updated_by, name, permission_type, page_id_fk) VALUES (166, '2026-07-09 17:30:24.457', 'admin', NULL, NULL, 'PERM_NAMEBOUND83618223_DELETE', 'DELETE', 85);
INSERT INTO permissions (permissions_pk, created_at, created_by, updated_at, updated_by, name, permission_type, page_id_fk) VALUES (167, '2026-07-09 17:30:24.495', 'admin', '2026-07-09 17:30:24.509', 'admin', 'PERM_TEST_83618223_UPDATED', 'VIEW', 84);
INSERT INTO permissions (permissions_pk, created_at, created_by, updated_at, updated_by, name, permission_type, page_id_fk) VALUES (168, '2026-07-10 08:09:52.317', 'admin', NULL, NULL, 'PERM_TP635608_VIEW', 'VIEW', 86);
INSERT INTO permissions (permissions_pk, created_at, created_by, updated_at, updated_by, name, permission_type, page_id_fk) VALUES (169, '2026-07-10 08:09:52.321', 'admin', NULL, NULL, 'PERM_TP635608_CREATE', 'CREATE', 86);
INSERT INTO permissions (permissions_pk, created_at, created_by, updated_at, updated_by, name, permission_type, page_id_fk) VALUES (170, '2026-07-10 08:09:52.323', 'admin', NULL, NULL, 'PERM_TP635608_UPDATE', 'UPDATE', 86);
INSERT INTO permissions (permissions_pk, created_at, created_by, updated_at, updated_by, name, permission_type, page_id_fk) VALUES (171, '2026-07-10 08:09:52.324', 'admin', NULL, NULL, 'PERM_TP635608_DELETE', 'DELETE', 86);
INSERT INTO permissions (permissions_pk, created_at, created_by, updated_at, updated_by, name, permission_type, page_id_fk) VALUES (172, '2026-07-10 08:09:52.404', 'admin', '2026-07-10 08:09:52.415', 'admin', 'PERM_TEST_UPDATED_c6420ba4', 'VIEW', 86);
INSERT INTO permissions (permissions_pk, created_at, created_by, updated_at, updated_by, name, permission_type, page_id_fk) VALUES (173, '2026-07-10 09:22:00.068', 'admin', NULL, NULL, 'PERM_TP37EAC2_VIEW', 'VIEW', 87);
INSERT INTO permissions (permissions_pk, created_at, created_by, updated_at, updated_by, name, permission_type, page_id_fk) VALUES (174, '2026-07-10 09:22:00.076', 'admin', NULL, NULL, 'PERM_TP37EAC2_CREATE', 'CREATE', 87);
INSERT INTO permissions (permissions_pk, created_at, created_by, updated_at, updated_by, name, permission_type, page_id_fk) VALUES (175, '2026-07-10 09:22:00.079', 'admin', NULL, NULL, 'PERM_TP37EAC2_UPDATE', 'UPDATE', 87);
INSERT INTO permissions (permissions_pk, created_at, created_by, updated_at, updated_by, name, permission_type, page_id_fk) VALUES (176, '2026-07-10 09:22:00.081', 'admin', NULL, NULL, 'PERM_TP37EAC2_DELETE', 'DELETE', 87);
INSERT INTO permissions (permissions_pk, created_at, created_by, updated_at, updated_by, name, permission_type, page_id_fk) VALUES (177, '2026-07-10 09:22:00.253', 'admin', '2026-07-10 09:22:00.424', 'admin', 'PERM_TEST_UPDATED_e6f0a8d3', 'VIEW', 87);
INSERT INTO permissions (permissions_pk, created_at, created_by, updated_at, updated_by, name, permission_type, page_id_fk) VALUES (178, '2026-07-10 09:22:46.456', 'admin', NULL, NULL, 'PERM_DBGTEST01_VIEW', 'VIEW', 88);
INSERT INTO permissions (permissions_pk, created_at, created_by, updated_at, updated_by, name, permission_type, page_id_fk) VALUES (179, '2026-07-10 09:22:46.46', 'admin', NULL, NULL, 'PERM_DBGTEST01_CREATE', 'CREATE', 88);
INSERT INTO permissions (permissions_pk, created_at, created_by, updated_at, updated_by, name, permission_type, page_id_fk) VALUES (180, '2026-07-10 09:22:46.463', 'admin', NULL, NULL, 'PERM_DBGTEST01_UPDATE', 'UPDATE', 88);
INSERT INTO permissions (permissions_pk, created_at, created_by, updated_at, updated_by, name, permission_type, page_id_fk) VALUES (181, '2026-07-10 09:22:46.465', 'admin', NULL, NULL, 'PERM_DBGTEST01_DELETE', 'DELETE', 88);
INSERT INTO permissions (permissions_pk, created_at, created_by, updated_at, updated_by, name, permission_type, page_id_fk) VALUES (182, '2026-07-10 09:28:12.377', 'admin', NULL, NULL, 'PERM_TPBD1AB2_VIEW', 'VIEW', 89);
INSERT INTO permissions (permissions_pk, created_at, created_by, updated_at, updated_by, name, permission_type, page_id_fk) VALUES (183, '2026-07-10 09:28:12.383', 'admin', NULL, NULL, 'PERM_TPBD1AB2_CREATE', 'CREATE', 89);
INSERT INTO permissions (permissions_pk, created_at, created_by, updated_at, updated_by, name, permission_type, page_id_fk) VALUES (184, '2026-07-10 09:28:12.385', 'admin', NULL, NULL, 'PERM_TPBD1AB2_UPDATE', 'UPDATE', 89);
INSERT INTO permissions (permissions_pk, created_at, created_by, updated_at, updated_by, name, permission_type, page_id_fk) VALUES (185, '2026-07-10 09:28:12.388', 'admin', NULL, NULL, 'PERM_TPBD1AB2_DELETE', 'DELETE', 89);
INSERT INTO permissions (permissions_pk, created_at, created_by, updated_at, updated_by, name, permission_type, page_id_fk) VALUES (186, '2026-07-10 09:28:12.558', 'admin', '2026-07-10 09:28:12.727', 'admin', 'PERM_TEST_UPDATED_692e2af8', 'VIEW', 89);
INSERT INTO permissions (permissions_pk, created_at, created_by, updated_at, updated_by, name, permission_type, page_id_fk) VALUES (187, '2026-07-10 05:39:39.578', 'system_seed', NULL, NULL, 'PERM_BRANCH_VIEW', 'VIEW', 94);
INSERT INTO permissions (permissions_pk, created_at, created_by, updated_at, updated_by, name, permission_type, page_id_fk) VALUES (188, '2026-07-10 09:46:32.085', 'admin', NULL, NULL, 'PERM_TPC5EFA8_VIEW', 'VIEW', 90);
INSERT INTO permissions (permissions_pk, created_at, created_by, updated_at, updated_by, name, permission_type, page_id_fk) VALUES (189, '2026-07-10 09:46:32.088', 'admin', NULL, NULL, 'PERM_TPC5EFA8_CREATE', 'CREATE', 90);
INSERT INTO permissions (permissions_pk, created_at, created_by, updated_at, updated_by, name, permission_type, page_id_fk) VALUES (190, '2026-07-10 09:46:32.09', 'admin', NULL, NULL, 'PERM_TPC5EFA8_UPDATE', 'UPDATE', 90);
INSERT INTO permissions (permissions_pk, created_at, created_by, updated_at, updated_by, name, permission_type, page_id_fk) VALUES (191, '2026-07-10 09:46:32.091', 'admin', NULL, NULL, 'PERM_TPC5EFA8_DELETE', 'DELETE', 90);
INSERT INTO permissions (permissions_pk, created_at, created_by, updated_at, updated_by, name, permission_type, page_id_fk) VALUES (192, '2026-07-10 09:46:32.173', 'admin', '2026-07-10 09:46:32.184', 'admin', 'PERM_TEST_UPDATED_8f1635e7', 'VIEW', 90);
INSERT INTO permissions (permissions_pk, created_at, created_by, updated_at, updated_by, name, permission_type, page_id_fk) VALUES (193, '2026-07-10 09:49:31.444', 'admin', NULL, NULL, 'PERM_TPF3D41B_VIEW', 'VIEW', 91);
INSERT INTO permissions (permissions_pk, created_at, created_by, updated_at, updated_by, name, permission_type, page_id_fk) VALUES (194, '2026-07-10 09:49:31.45', 'admin', NULL, NULL, 'PERM_TPF3D41B_CREATE', 'CREATE', 91);
INSERT INTO permissions (permissions_pk, created_at, created_by, updated_at, updated_by, name, permission_type, page_id_fk) VALUES (195, '2026-07-10 09:49:31.452', 'admin', NULL, NULL, 'PERM_TPF3D41B_UPDATE', 'UPDATE', 91);
INSERT INTO permissions (permissions_pk, created_at, created_by, updated_at, updated_by, name, permission_type, page_id_fk) VALUES (196, '2026-07-10 09:49:31.454', 'admin', NULL, NULL, 'PERM_TPF3D41B_DELETE', 'DELETE', 91);
INSERT INTO permissions (permissions_pk, created_at, created_by, updated_at, updated_by, name, permission_type, page_id_fk) VALUES (197, '2026-07-10 09:49:31.619', 'admin', '2026-07-10 09:49:31.782', 'admin', 'PERM_TEST_UPDATED_827ae95a', 'VIEW', 91);
INSERT INTO permissions (permissions_pk, created_at, created_by, updated_at, updated_by, name, permission_type, page_id_fk) VALUES (198, '2026-07-10 09:50:20.202', 'admin', NULL, NULL, 'PERM_TPDA7D34_VIEW', 'VIEW', 92);
INSERT INTO permissions (permissions_pk, created_at, created_by, updated_at, updated_by, name, permission_type, page_id_fk) VALUES (199, '2026-07-10 09:50:20.205', 'admin', NULL, NULL, 'PERM_TPDA7D34_CREATE', 'CREATE', 92);
INSERT INTO permissions (permissions_pk, created_at, created_by, updated_at, updated_by, name, permission_type, page_id_fk) VALUES (200, '2026-07-10 09:50:20.207', 'admin', NULL, NULL, 'PERM_TPDA7D34_UPDATE', 'UPDATE', 92);
INSERT INTO permissions (permissions_pk, created_at, created_by, updated_at, updated_by, name, permission_type, page_id_fk) VALUES (201, '2026-07-10 09:50:20.208', 'admin', NULL, NULL, 'PERM_TPDA7D34_DELETE', 'DELETE', 92);
INSERT INTO permissions (permissions_pk, created_at, created_by, updated_at, updated_by, name, permission_type, page_id_fk) VALUES (202, '2026-07-10 09:50:20.297', 'admin', '2026-07-10 09:50:20.308', 'admin', 'PERM_TEST_UPDATED_808ad34e', 'VIEW', 92);
INSERT INTO permissions (permissions_pk, created_at, created_by, updated_at, updated_by, name, permission_type, page_id_fk) VALUES (203, '2026-07-10 09:02:34.928', 'SYSTEM', NULL, NULL, 'PERM_LEGAL_ENTITY_VIEW', 'VIEW', 93);
INSERT INTO permissions (permissions_pk, created_at, created_by, updated_at, updated_by, name, permission_type, page_id_fk) VALUES (204, '2026-07-10 09:02:34.928', 'SYSTEM', NULL, NULL, 'PERM_LEGAL_ENTITY_CREATE', 'CREATE', 93);
INSERT INTO permissions (permissions_pk, created_at, created_by, updated_at, updated_by, name, permission_type, page_id_fk) VALUES (205, '2026-07-10 09:02:34.928', 'SYSTEM', NULL, NULL, 'PERM_LEGAL_ENTITY_UPDATE', 'UPDATE', 93);
INSERT INTO permissions (permissions_pk, created_at, created_by, updated_at, updated_by, name, permission_type, page_id_fk) VALUES (206, '2026-07-10 09:02:34.928', 'SYSTEM', NULL, NULL, 'PERM_LEGAL_ENTITY_DELETE', 'DELETE', 93);
INSERT INTO permissions (permissions_pk, created_at, created_by, updated_at, updated_by, name, permission_type, page_id_fk) VALUES (207, '2026-07-10 09:02:34.928', 'SYSTEM', NULL, NULL, 'PERM_BRANCH_CREATE', 'CREATE', 94);
INSERT INTO permissions (permissions_pk, created_at, created_by, updated_at, updated_by, name, permission_type, page_id_fk) VALUES (208, '2026-07-10 09:02:34.928', 'SYSTEM', NULL, NULL, 'PERM_BRANCH_UPDATE', 'UPDATE', 94);
INSERT INTO permissions (permissions_pk, created_at, created_by, updated_at, updated_by, name, permission_type, page_id_fk) VALUES (209, '2026-07-10 09:02:34.928', 'SYSTEM', NULL, NULL, 'PERM_BRANCH_DELETE', 'DELETE', 94);
INSERT INTO permissions (permissions_pk, created_at, created_by, updated_at, updated_by, name, permission_type, page_id_fk) VALUES (210, '2026-07-10 09:02:34.928', 'SYSTEM', NULL, NULL, 'PERM_REGION_VIEW', 'VIEW', 95);
INSERT INTO permissions (permissions_pk, created_at, created_by, updated_at, updated_by, name, permission_type, page_id_fk) VALUES (211, '2026-07-10 09:02:34.928', 'SYSTEM', NULL, NULL, 'PERM_REGION_CREATE', 'CREATE', 95);
INSERT INTO permissions (permissions_pk, created_at, created_by, updated_at, updated_by, name, permission_type, page_id_fk) VALUES (212, '2026-07-10 09:02:34.928', 'SYSTEM', NULL, NULL, 'PERM_REGION_UPDATE', 'UPDATE', 95);
INSERT INTO permissions (permissions_pk, created_at, created_by, updated_at, updated_by, name, permission_type, page_id_fk) VALUES (213, '2026-07-10 09:02:34.928', 'SYSTEM', NULL, NULL, 'PERM_REGION_DELETE', 'DELETE', 95);
INSERT INTO permissions (permissions_pk, created_at, created_by, updated_at, updated_by, name, permission_type, page_id_fk) VALUES (214, '2026-07-10 09:02:34.928', 'SYSTEM', NULL, NULL, 'PERM_DEPARTMENT_VIEW', 'VIEW', 96);
INSERT INTO permissions (permissions_pk, created_at, created_by, updated_at, updated_by, name, permission_type, page_id_fk) VALUES (215, '2026-07-10 09:02:34.928', 'SYSTEM', NULL, NULL, 'PERM_DEPARTMENT_CREATE', 'CREATE', 96);
INSERT INTO permissions (permissions_pk, created_at, created_by, updated_at, updated_by, name, permission_type, page_id_fk) VALUES (216, '2026-07-10 09:02:34.928', 'SYSTEM', NULL, NULL, 'PERM_DEPARTMENT_UPDATE', 'UPDATE', 96);
INSERT INTO permissions (permissions_pk, created_at, created_by, updated_at, updated_by, name, permission_type, page_id_fk) VALUES (217, '2026-07-10 09:02:34.928', 'SYSTEM', NULL, NULL, 'PERM_DEPARTMENT_DELETE', 'DELETE', 96);
INSERT INTO permissions (permissions_pk, created_at, created_by, updated_at, updated_by, name, permission_type, page_id_fk) VALUES (218, '2026-07-10 09:02:34.928', 'SYSTEM', NULL, NULL, 'PERM_COST_CENTER_VIEW', 'VIEW', 97);
INSERT INTO permissions (permissions_pk, created_at, created_by, updated_at, updated_by, name, permission_type, page_id_fk) VALUES (219, '2026-07-10 09:02:34.928', 'SYSTEM', NULL, NULL, 'PERM_COST_CENTER_CREATE', 'CREATE', 97);
INSERT INTO permissions (permissions_pk, created_at, created_by, updated_at, updated_by, name, permission_type, page_id_fk) VALUES (220, '2026-07-10 09:02:34.928', 'SYSTEM', NULL, NULL, 'PERM_COST_CENTER_UPDATE', 'UPDATE', 97);
INSERT INTO permissions (permissions_pk, created_at, created_by, updated_at, updated_by, name, permission_type, page_id_fk) VALUES (221, '2026-07-10 09:02:34.928', 'SYSTEM', NULL, NULL, 'PERM_COST_CENTER_DELETE', 'DELETE', 97);
INSERT INTO permissions (permissions_pk, created_at, created_by, updated_at, updated_by, name, permission_type, page_id_fk) VALUES (222, '2026-07-10 09:02:34.928', 'SYSTEM', NULL, NULL, 'PERM_PROFIT_CENTER_VIEW', 'VIEW', 98);
INSERT INTO permissions (permissions_pk, created_at, created_by, updated_at, updated_by, name, permission_type, page_id_fk) VALUES (223, '2026-07-10 09:02:34.928', 'SYSTEM', NULL, NULL, 'PERM_PROFIT_CENTER_CREATE', 'CREATE', 98);
INSERT INTO permissions (permissions_pk, created_at, created_by, updated_at, updated_by, name, permission_type, page_id_fk) VALUES (224, '2026-07-10 09:02:34.928', 'SYSTEM', NULL, NULL, 'PERM_PROFIT_CENTER_UPDATE', 'UPDATE', 98);
INSERT INTO permissions (permissions_pk, created_at, created_by, updated_at, updated_by, name, permission_type, page_id_fk) VALUES (225, '2026-07-10 09:02:34.928', 'SYSTEM', NULL, NULL, 'PERM_PROFIT_CENTER_DELETE', 'DELETE', 98);
INSERT INTO permissions (permissions_pk, created_at, created_by, updated_at, updated_by, name, permission_type, page_id_fk) VALUES (226, '2026-07-10 09:02:34.928', 'SYSTEM', NULL, NULL, 'PERM_LOCATION_SITE_VIEW', 'VIEW', 99);
INSERT INTO permissions (permissions_pk, created_at, created_by, updated_at, updated_by, name, permission_type, page_id_fk) VALUES (227, '2026-07-10 09:02:34.928', 'SYSTEM', NULL, NULL, 'PERM_LOCATION_SITE_CREATE', 'CREATE', 99);
INSERT INTO permissions (permissions_pk, created_at, created_by, updated_at, updated_by, name, permission_type, page_id_fk) VALUES (228, '2026-07-10 09:02:34.928', 'SYSTEM', NULL, NULL, 'PERM_LOCATION_SITE_UPDATE', 'UPDATE', 99);
INSERT INTO permissions (permissions_pk, created_at, created_by, updated_at, updated_by, name, permission_type, page_id_fk) VALUES (229, '2026-07-10 09:02:34.928', 'SYSTEM', NULL, NULL, 'PERM_LOCATION_SITE_DELETE', 'DELETE', 99);

-- account_activation_token: 7 row(s)
INSERT INTO account_activation_token (token_pk, token, user_id_fk, created_at, expires_at, used_fl) VALUES (1, 'cf9e57e4-098c-4080-b9bf-e006479086a0', 25, '2026-07-10 04:08:10.118', '2026-07-11 04:08:10.115', 0);
INSERT INTO account_activation_token (token_pk, token, user_id_fk, created_at, expires_at, used_fl) VALUES (2, '9fc44645-6f5a-42a5-b812-8330e384a1cb', 27, '2026-07-10 04:09:53.119', '2026-07-11 04:09:53.118', 0);
INSERT INTO account_activation_token (token_pk, token, user_id_fk, created_at, expires_at, used_fl) VALUES (3, '160ce143-b7c1-4769-b608-f7c7c651743e', 29, '2026-07-10 05:22:01.136', '2026-07-11 05:22:01.134', 0);
INSERT INTO account_activation_token (token_pk, token, user_id_fk, created_at, expires_at, used_fl) VALUES (4, '55de9431-6aad-410b-bfcb-210316888607', 31, '2026-07-10 05:28:13.536', '2026-07-11 05:28:13.533', 0);
INSERT INTO account_activation_token (token_pk, token, user_id_fk, created_at, expires_at, used_fl) VALUES (5, '55904ace-0535-4f92-b938-bb28945f8f17', 33, '2026-07-10 05:46:32.733', '2026-07-11 05:46:32.731', 0);
INSERT INTO account_activation_token (token_pk, token, user_id_fk, created_at, expires_at, used_fl) VALUES (6, '44b507f6-b985-4aee-9970-c449d34d93b1', 36, '2026-07-10 05:49:32.562', '2026-07-11 05:49:32.56', 0);
INSERT INTO account_activation_token (token_pk, token, user_id_fk, created_at, expires_at, used_fl) VALUES (7, '81ab7d00-a236-48de-9a2b-f85c7c58cde3', 39, '2026-07-10 05:50:20.94', '2026-07-11 05:50:20.939', 0);

-- password_reset_token: 7 row(s)
INSERT INTO password_reset_token (token_pk, token, user_id_fk, created_at, expires_at, used_fl) VALUES (1, 'f664f46e-ade3-48da-973a-fe74819bb547', 25, '2026-07-10 04:08:10.157', '2026-07-10 05:08:10.155', 0);
INSERT INTO password_reset_token (token_pk, token, user_id_fk, created_at, expires_at, used_fl) VALUES (2, '6e915f07-6626-49d6-8b37-a26df687123a', 27, '2026-07-10 04:09:53.148', '2026-07-10 05:09:53.147', 0);
INSERT INTO password_reset_token (token_pk, token, user_id_fk, created_at, expires_at, used_fl) VALUES (3, 'e6237f7e-640f-4924-abae-7debebfaffa4', 29, '2026-07-10 05:22:01.169', '2026-07-10 06:22:01.168', 0);
INSERT INTO password_reset_token (token_pk, token, user_id_fk, created_at, expires_at, used_fl) VALUES (4, '1e83b21c-c50a-46c1-9b3c-e18cccf05d9b', 31, '2026-07-10 05:28:13.57', '2026-07-10 06:28:13.569', 0);
INSERT INTO password_reset_token (token_pk, token, user_id_fk, created_at, expires_at, used_fl) VALUES (5, '0be6ec96-46f4-45b3-b019-744ae674e682', 33, '2026-07-10 05:46:32.755', '2026-07-10 06:46:32.754', 0);
INSERT INTO password_reset_token (token_pk, token, user_id_fk, created_at, expires_at, used_fl) VALUES (6, '4177ba17-eb11-441b-af0f-344d93d45e0f', 36, '2026-07-10 05:49:32.6', '2026-07-10 06:49:32.598', 0);
INSERT INTO password_reset_token (token_pk, token, user_id_fk, created_at, expires_at, used_fl) VALUES (7, 'c0eb039b-5798-4652-b75a-0e302ebe93b9', 39, '2026-07-10 05:50:20.977', '2026-07-10 06:50:20.976', 0);

-- refresh_tokens: 57 row(s)
INSERT INTO refresh_tokens (refresh_tokens_pk, created_at, expires_at, jti, revoked, user_id_fk) VALUES (18, '2026-07-08 11:00:28.743', '2026-07-15 11:00:28.738', '821a9e3f-ab96-4444-aff0-4163462f134e', 0, 4);
INSERT INTO refresh_tokens (refresh_tokens_pk, created_at, expires_at, jti, revoked, user_id_fk) VALUES (19, '2026-07-09 08:35:44.112', '2026-07-16 08:35:44.111', '6934d506-7f1c-4dd6-ba23-bdd041b91a89', 0, 4);
INSERT INTO refresh_tokens (refresh_tokens_pk, created_at, expires_at, jti, revoked, user_id_fk) VALUES (20, '2026-07-09 14:51:29.089', '2026-07-16 14:51:29.088', 'c53e300e-9eab-49e4-9ccc-363e2346b987', 0, 4);
INSERT INTO refresh_tokens (refresh_tokens_pk, created_at, expires_at, jti, revoked, user_id_fk) VALUES (21, '2026-07-09 14:52:12.609', '2026-07-16 14:52:12.609', '07442347-2026-483b-8474-bc381da5213e', 0, 4);
INSERT INTO refresh_tokens (refresh_tokens_pk, created_at, expires_at, jti, revoked, user_id_fk) VALUES (22, '2026-07-09 14:52:12.766', '2026-07-16 14:52:12.765', '0242085b-47ca-4ead-ba25-ec08d1e701c8', 0, 4);
INSERT INTO refresh_tokens (refresh_tokens_pk, created_at, expires_at, jti, revoked, user_id_fk) VALUES (23, '2026-07-09 14:52:13.981', '2026-07-16 14:52:13.981', '53f65db5-3d74-47e2-9cc0-dd14bfa11077', 0, 7);
INSERT INTO refresh_tokens (refresh_tokens_pk, created_at, expires_at, jti, revoked, user_id_fk) VALUES (24, '2026-07-09 16:53:23.82', '2026-07-16 16:53:23.82', '37add8ae-9f3e-466f-9cba-654db34dee5e', 0, 4);
INSERT INTO refresh_tokens (refresh_tokens_pk, created_at, expires_at, jti, revoked, user_id_fk) VALUES (25, '2026-07-09 16:53:42.254', '2026-07-16 16:53:42.254', '55bc6029-406e-4457-a084-d5b293abac4d', 0, 4);
INSERT INTO refresh_tokens (refresh_tokens_pk, created_at, expires_at, jti, revoked, user_id_fk) VALUES (26, '2026-07-09 16:53:42.405', '2026-07-16 16:53:42.405', '9640180f-f88f-4f9d-a461-887d2c68bd6e', 0, 4);
INSERT INTO refresh_tokens (refresh_tokens_pk, created_at, expires_at, jti, revoked, user_id_fk) VALUES (27, '2026-07-09 16:53:43.335', '2026-07-16 16:53:43.334', '8441a220-b97c-4e85-9de0-d90d0f68f573', 0, 11);
INSERT INTO refresh_tokens (refresh_tokens_pk, created_at, expires_at, jti, revoked, user_id_fk) VALUES (28, '2026-07-09 16:59:10.343', '2026-07-16 16:59:10.343', '8b52b81f-552d-4b34-bdb9-73814fc52c22', 0, 4);
INSERT INTO refresh_tokens (refresh_tokens_pk, created_at, expires_at, jti, revoked, user_id_fk) VALUES (29, '2026-07-09 16:59:10.499', '2026-07-16 16:59:10.498', 'f2aa82eb-a115-44b3-b43f-caf372fe9833', 0, 4);
INSERT INTO refresh_tokens (refresh_tokens_pk, created_at, expires_at, jti, revoked, user_id_fk) VALUES (30, '2026-07-09 16:59:11.471', '2026-07-16 16:59:11.47', '7d599533-652e-424e-b55e-7e77b583dc7f', 0, 15);
INSERT INTO refresh_tokens (refresh_tokens_pk, created_at, expires_at, jti, revoked, user_id_fk) VALUES (31, '2026-07-09 17:07:23.3', '2026-07-16 17:07:23.295', '4aab6b15-1949-423d-84cd-e7b349bb396a', 0, 4);
INSERT INTO refresh_tokens (refresh_tokens_pk, created_at, expires_at, jti, revoked, user_id_fk) VALUES (32, '2026-07-09 17:09:07.832', '2026-07-16 17:09:07.831', 'efd4e55e-340f-40d7-a5cc-5aed95093c2b', 1, 4);
INSERT INTO refresh_tokens (refresh_tokens_pk, created_at, expires_at, jti, revoked, user_id_fk) VALUES (33, '2026-07-09 17:09:23.716', '2026-07-16 17:09:23.715', '9e36a785-eddd-4410-b8c4-a30ff92d98a8', 0, 4);
INSERT INTO refresh_tokens (refresh_tokens_pk, created_at, expires_at, jti, revoked, user_id_fk) VALUES (34, '2026-07-09 17:09:33.108', '2026-07-16 17:09:33.108', '95c9f449-8e0a-4af4-b70f-3c73a6e18b6a', 0, 4);
INSERT INTO refresh_tokens (refresh_tokens_pk, created_at, expires_at, jti, revoked, user_id_fk) VALUES (35, '2026-07-09 17:09:51.783', '2026-07-16 17:09:51.783', '4a888679-624e-42cb-90ad-d4f77c6afa72', 0, 4);
INSERT INTO refresh_tokens (refresh_tokens_pk, created_at, expires_at, jti, revoked, user_id_fk) VALUES (36, '2026-07-09 17:19:21.054', '2026-07-16 17:19:21.053', 'd4d962d9-6e88-45b4-8d6b-02f377c04b38', 0, 4);
INSERT INTO refresh_tokens (refresh_tokens_pk, created_at, expires_at, jti, revoked, user_id_fk) VALUES (37, '2026-07-09 17:19:38.094', '2026-07-16 17:19:38.093', 'e4cf877c-580e-4b41-abc9-56e5aa73b84d', 0, 4);
INSERT INTO refresh_tokens (refresh_tokens_pk, created_at, expires_at, jti, revoked, user_id_fk) VALUES (38, '2026-07-09 17:19:49.937', '2026-07-16 17:19:49.936', 'a0a7e591-2231-4ae7-8dee-2276f780fe9d', 0, 4);
INSERT INTO refresh_tokens (refresh_tokens_pk, created_at, expires_at, jti, revoked, user_id_fk) VALUES (39, '2026-07-09 17:20:02.101', '2026-07-16 17:20:02.101', 'c469c84a-32b3-4c89-824c-e07ab63ab1b0', 0, 4);
INSERT INTO refresh_tokens (refresh_tokens_pk, created_at, expires_at, jti, revoked, user_id_fk) VALUES (40, '2026-07-09 17:20:44.901', '2026-07-16 17:20:44.9', '9b3c5287-5bee-48ae-af9d-e3bb0fe7d895', 0, 4);
INSERT INTO refresh_tokens (refresh_tokens_pk, created_at, expires_at, jti, revoked, user_id_fk) VALUES (41, '2026-07-09 17:27:44.832', '2026-07-16 17:27:44.827', 'f6ca78d2-de8e-4386-afe3-ac849d37a3e7', 0, 4);
INSERT INTO refresh_tokens (refresh_tokens_pk, created_at, expires_at, jti, revoked, user_id_fk) VALUES (42, '2026-07-09 17:27:45.009', '2026-07-16 17:27:45.009', 'fcf24aac-0aaa-4f1c-b66b-20beb04781ee', 1, 4);
INSERT INTO refresh_tokens (refresh_tokens_pk, created_at, expires_at, jti, revoked, user_id_fk) VALUES (43, '2026-07-09 17:27:45.053', '2026-07-16 17:27:45.053', '346197e8-2a45-4d4a-b8a7-2d501c0764a5', 1, 4);
INSERT INTO refresh_tokens (refresh_tokens_pk, created_at, expires_at, jti, revoked, user_id_fk) VALUES (44, '2026-07-09 17:27:46.495', '2026-07-16 17:27:46.495', 'c862b49a-7a18-47a0-b953-5cc4f1c31b25', 1, 19);
INSERT INTO refresh_tokens (refresh_tokens_pk, created_at, expires_at, jti, revoked, user_id_fk) VALUES (45, '2026-07-09 17:30:24.157', '2026-07-16 17:30:24.156', '6008a6a3-993c-4be7-8b59-5d835ce50576', 0, 4);
INSERT INTO refresh_tokens (refresh_tokens_pk, created_at, expires_at, jti, revoked, user_id_fk) VALUES (46, '2026-07-09 17:30:24.311', '2026-07-16 17:30:24.311', 'c8d87404-4b88-450f-96bf-d026523e7d97', 1, 4);
INSERT INTO refresh_tokens (refresh_tokens_pk, created_at, expires_at, jti, revoked, user_id_fk) VALUES (47, '2026-07-09 17:30:24.324', '2026-07-16 17:30:24.324', 'fce20892-54b9-488b-959b-1f49ccdf0cf4', 1, 4);
INSERT INTO refresh_tokens (refresh_tokens_pk, created_at, expires_at, jti, revoked, user_id_fk) VALUES (48, '2026-07-09 17:30:25.131', '2026-07-16 17:30:25.131', '12b12432-800a-40da-ac12-2d94ece82bc8', 1, 23);
INSERT INTO refresh_tokens (refresh_tokens_pk, created_at, expires_at, jti, revoked, user_id_fk) VALUES (49, '2026-07-10 08:09:52.13', '2026-07-17 08:09:52.13', '6bea7a71-a170-42da-ae06-15ba99dc7c7f', 0, 4);
INSERT INTO refresh_tokens (refresh_tokens_pk, created_at, expires_at, jti, revoked, user_id_fk) VALUES (50, '2026-07-10 08:09:52.287', '2026-07-17 08:09:52.287', '2094d1d1-2f93-43b2-9663-cf43a640d9f8', 1, 4);
INSERT INTO refresh_tokens (refresh_tokens_pk, created_at, expires_at, jti, revoked, user_id_fk) VALUES (51, '2026-07-10 08:09:52.3', '2026-07-17 08:09:52.3', '66b6e157-7007-4486-a84a-489f59562d07', 0, 4);
INSERT INTO refresh_tokens (refresh_tokens_pk, created_at, expires_at, jti, revoked, user_id_fk) VALUES (52, '2026-07-10 08:14:01.577', '2026-07-17 08:14:01.577', '7f11542a-4e70-4f1d-a731-f8901223bd2c', 0, 4);
INSERT INTO refresh_tokens (refresh_tokens_pk, created_at, expires_at, jti, revoked, user_id_fk) VALUES (53, '2026-07-10 08:14:34.399', '2026-07-17 08:14:34.399', '25b1c91f-6ee8-48f4-a5e4-90bfe568a6a9', 0, 4);
INSERT INTO refresh_tokens (refresh_tokens_pk, created_at, expires_at, jti, revoked, user_id_fk) VALUES (54, '2026-07-10 09:21:59.805', '2026-07-17 09:21:59.801', '77be1829-a151-495e-993e-61ede3bea6a3', 0, 4);
INSERT INTO refresh_tokens (refresh_tokens_pk, created_at, expires_at, jti, revoked, user_id_fk) VALUES (55, '2026-07-10 09:21:59.977', '2026-07-17 09:21:59.976', '2defafd9-0e2a-43a5-89da-2c154b505ce6', 1, 4);
INSERT INTO refresh_tokens (refresh_tokens_pk, created_at, expires_at, jti, revoked, user_id_fk) VALUES (56, '2026-07-10 09:22:00.016', '2026-07-17 09:22:00.016', '3c73b188-2523-47ce-983b-729979473d81', 0, 4);
INSERT INTO refresh_tokens (refresh_tokens_pk, created_at, expires_at, jti, revoked, user_id_fk) VALUES (57, '2026-07-10 09:22:46.426', '2026-07-17 09:22:46.426', 'b4d83457-6834-4d53-a3b7-20a5923e874b', 0, 4);
INSERT INTO refresh_tokens (refresh_tokens_pk, created_at, expires_at, jti, revoked, user_id_fk) VALUES (58, '2026-07-10 09:23:03.785', '2026-07-17 09:23:03.785', 'b26082ba-4eea-417b-99fd-7d9ec3985983', 0, 4);
INSERT INTO refresh_tokens (refresh_tokens_pk, created_at, expires_at, jti, revoked, user_id_fk) VALUES (59, '2026-07-10 09:24:44.144', '2026-07-17 09:24:44.144', '267fa850-06ff-4c31-86a5-41d645fafc88', 0, 4);
INSERT INTO refresh_tokens (refresh_tokens_pk, created_at, expires_at, jti, revoked, user_id_fk) VALUES (60, '2026-07-10 09:28:12.119', '2026-07-17 09:28:12.115', 'f12343ee-1fc6-44e1-93c9-e891e38f0c99', 0, 4);
INSERT INTO refresh_tokens (refresh_tokens_pk, created_at, expires_at, jti, revoked, user_id_fk) VALUES (61, '2026-07-10 09:28:12.289', '2026-07-17 09:28:12.289', '0080f936-15be-40ec-b0b4-d124f39f9715', 1, 4);
INSERT INTO refresh_tokens (refresh_tokens_pk, created_at, expires_at, jti, revoked, user_id_fk) VALUES (62, '2026-07-10 09:28:12.327', '2026-07-17 09:28:12.327', '1c2433c0-7e21-4423-97a9-3bbc0cfeff43', 0, 4);
INSERT INTO refresh_tokens (refresh_tokens_pk, created_at, expires_at, jti, revoked, user_id_fk) VALUES (63, '2026-07-10 09:28:45.139', '2026-07-17 09:28:45.139', '0e94cbd1-2d1e-48c7-9cf6-0678e8f9aa51', 0, 4);
INSERT INTO refresh_tokens (refresh_tokens_pk, created_at, expires_at, jti, revoked, user_id_fk) VALUES (64, '2026-07-10 09:46:14.448', '2026-07-17 09:46:14.448', '2a6171f5-ff7d-4af3-be60-e0f605c91fa7', 0, 4);
INSERT INTO refresh_tokens (refresh_tokens_pk, created_at, expires_at, jti, revoked, user_id_fk) VALUES (65, '2026-07-10 09:46:31.902', '2026-07-17 09:46:31.902', 'b9e72428-3f2b-4dfb-89d0-80dc3eb12f47', 0, 4);
INSERT INTO refresh_tokens (refresh_tokens_pk, created_at, expires_at, jti, revoked, user_id_fk) VALUES (66, '2026-07-10 09:46:32.052', '2026-07-17 09:46:32.052', '95271b17-a352-4b7c-b690-3263f934ad39', 1, 4);
INSERT INTO refresh_tokens (refresh_tokens_pk, created_at, expires_at, jti, revoked, user_id_fk) VALUES (67, '2026-07-10 09:46:32.064', '2026-07-17 09:46:32.064', '8cfc4861-19a4-4819-b47b-0a81b3bd67df', 0, 4);
INSERT INTO refresh_tokens (refresh_tokens_pk, created_at, expires_at, jti, revoked, user_id_fk) VALUES (68, '2026-07-10 09:46:53.654', '2026-07-17 09:46:53.654', 'f39af0cb-f45a-4895-bcc8-58296efec1cb', 0, 4);
INSERT INTO refresh_tokens (refresh_tokens_pk, created_at, expires_at, jti, revoked, user_id_fk) VALUES (69, '2026-07-10 09:49:31.188', '2026-07-17 09:49:31.184', 'a15d5855-c283-4e67-a8a2-f867aed7101c', 0, 4);
INSERT INTO refresh_tokens (refresh_tokens_pk, created_at, expires_at, jti, revoked, user_id_fk) VALUES (70, '2026-07-10 09:49:31.357', '2026-07-17 09:49:31.357', 'bc8be45c-189e-4394-a1f5-8c766993521d', 1, 4);
INSERT INTO refresh_tokens (refresh_tokens_pk, created_at, expires_at, jti, revoked, user_id_fk) VALUES (71, '2026-07-10 09:49:31.393', '2026-07-17 09:49:31.393', 'aaddbe0e-6e09-498e-a58a-66252e6a085c', 0, 4);
INSERT INTO refresh_tokens (refresh_tokens_pk, created_at, expires_at, jti, revoked, user_id_fk) VALUES (72, '2026-07-10 09:50:20.022', '2026-07-17 09:50:20.022', '2c68b469-7c96-400a-a69a-303478e4db10', 0, 4);
INSERT INTO refresh_tokens (refresh_tokens_pk, created_at, expires_at, jti, revoked, user_id_fk) VALUES (73, '2026-07-10 09:50:20.173', '2026-07-17 09:50:20.173', 'a3ce0109-4421-4c1f-a16f-c573fe85faea', 1, 4);
INSERT INTO refresh_tokens (refresh_tokens_pk, created_at, expires_at, jti, revoked, user_id_fk) VALUES (74, '2026-07-10 09:50:20.185', '2026-07-17 09:50:20.185', 'b24c638c-6c8b-40ef-bef9-427a67e90959', 0, 4);

-- sec_user_profile: 2 row(s)
INSERT INTO sec_user_profile (user_id_fk, branch_id_fk, full_name_ar, full_name_en, preferred_lang, employee_id_fk, is_active_fl, created_by, created_at, updated_by, updated_at) VALUES (35, 1, NULL, 'Test User Updated', NULL, NULL, 1, 'admin', '2026-07-10 09:49:32.292', 'admin', '2026-07-10 09:49:32.33');
INSERT INTO sec_user_profile (user_id_fk, branch_id_fk, full_name_ar, full_name_en, preferred_lang, employee_id_fk, is_active_fl, created_by, created_at, updated_by, updated_at) VALUES (37, 1, NULL, 'Test User Updated', NULL, NULL, 1, 'admin', '2026-07-10 09:50:20.651', 'admin', '2026-07-10 09:50:20.677');

-- role_permissions: 24 row(s)
INSERT INTO role_permissions (role_id_fk, perm_id_fk) VALUES (5, 68);
INSERT INTO role_permissions (role_id_fk, perm_id_fk) VALUES (5, 69);
INSERT INTO role_permissions (role_id_fk, perm_id_fk) VALUES (5, 70);
INSERT INTO role_permissions (role_id_fk, perm_id_fk) VALUES (5, 71);
INSERT INTO role_permissions (role_id_fk, perm_id_fk) VALUES (5, 72);
INSERT INTO role_permissions (role_id_fk, perm_id_fk) VALUES (5, 73);
INSERT INTO role_permissions (role_id_fk, perm_id_fk) VALUES (5, 74);
INSERT INTO role_permissions (role_id_fk, perm_id_fk) VALUES (5, 75);
INSERT INTO role_permissions (role_id_fk, perm_id_fk) VALUES (5, 76);
INSERT INTO role_permissions (role_id_fk, perm_id_fk) VALUES (5, 77);
INSERT INTO role_permissions (role_id_fk, perm_id_fk) VALUES (5, 78);
INSERT INTO role_permissions (role_id_fk, perm_id_fk) VALUES (5, 79);
INSERT INTO role_permissions (role_id_fk, perm_id_fk) VALUES (5, 80);
INSERT INTO role_permissions (role_id_fk, perm_id_fk) VALUES (5, 81);
INSERT INTO role_permissions (role_id_fk, perm_id_fk) VALUES (5, 82);
INSERT INTO role_permissions (role_id_fk, perm_id_fk) VALUES (5, 83);
INSERT INTO role_permissions (role_id_fk, perm_id_fk) VALUES (5, 84);
INSERT INTO role_permissions (role_id_fk, perm_id_fk) VALUES (5, 105);
INSERT INTO role_permissions (role_id_fk, perm_id_fk) VALUES (5, 106);
INSERT INTO role_permissions (role_id_fk, perm_id_fk) VALUES (5, 107);
INSERT INTO role_permissions (role_id_fk, perm_id_fk) VALUES (5, 108);
INSERT INTO role_permissions (role_id_fk, perm_id_fk) VALUES (5, 187);
INSERT INTO role_permissions (role_id_fk, perm_id_fk) VALUES (17, 146);
INSERT INTO role_permissions (role_id_fk, perm_id_fk) VALUES (17, 149);

-- user_roles: 1 row(s)
INSERT INTO user_roles (user_id_fk, role_id_fk) VALUES (4, 5);

-- ---------------------------------------------------------
-- Sequence current values
-- ---------------------------------------------------------
SELECT setval('account_activation_token_seq', 7, true);
SELECT setval('md_lookup_detail_seq', 44, true);
SELECT setval('md_master_lookup_seq', 15, true);
SELECT setval('org_branch_seq', 1, true);
SELECT setval('org_legal_entity_seq', 1, true);
SELECT setval('org_region_type_seq', 6, true);
SELECT setval('password_reset_token_seq', 7, true);
SELECT setval('permissions_id_seq', 229, true);
SELECT setval('refresh_tokens_id_seq', 74, true);
SELECT setval('roles_id_seq', 36, true);
SELECT setval('sec_pages_seq', 99, true);
SELECT setval('users_id_seq', 39, true);

COMMIT;
